init_date,forecast_date,lead_time_days,morning_mean_low,morning_mean_high,morning_mean_mean,morning_mean_var,afternoon_mean_low,afternoon_mean_high,afternoon_mean_mean,afternoon_mean_var,evening_mean_low,evening_mean_high,evening_mean_mean,evening_mean_var,daily_max_low,daily_max_high,daily_max_mean,daily_max_var,temp_slot_mean_mean,temp_slot_mean_var,temp_daily_max_mean
2026-07-13 00:00:00,2026-07-20,7.0,15.6,24.883333333333336,18.888709677419364,4.341914575866189,17.099999999999998,27.08333333333333,22.179032258064517,7.8181660692951,13.316666666666668,21.71666666666667,17.127419354838707,3.967417562724013,17.6,29.1,22.925806451612903,9.16797849462366,,,
2026-07-14 00:00:00,2026-07-21,7.0,17.266666666666666,22.516666666666666,19.532795698924733,2.0780645161290314,18.15,28.866666666666664,23.38225806451613,6.9850358422939065,15.116666666666667,23.383333333333336,17.93172043010752,3.926210274790921,19.0,29.5,24.20967741935484,6.590236559139784,,,
2026-07-15 00:00:00,2026-07-22,7.0,16.466666666666665,22.766666666666666,19.117741935483867,2.650017323775388,18.183333333333334,27.933333333333334,22.67150537634408,5.876873954599761,15.466666666666669,23.45,17.520967741935483,3.1058327359617683,18.8,28.6,23.316129032258065,6.044731182795701,,,
2026-07-16 00:00:00,2026-07-23,7.0,15.1,23.183333333333334,18.98064516129033,2.82544623655914,15.833333333333334,27.53333333333333,22.23118279569892,7.265254480286738,14.433333333333332,20.73333333333333,17.116666666666667,1.8154074074074085,16.2,28.6,22.98709677419355,8.202494623655914,,,
2026-07-17 00:00:00,2026-07-24,7.0,17.46666666666667,22.15,19.43494623655913,1.0439510155316611,18.4,30.2,22.572043010752694,3.807303464755077,15.55,25.6,17.824193548387097,3.269089605734765,19.8,31.0,23.28064516129032,3.589612903225806,,,
2026-07-18 00:00:00,2026-07-25,7.0,16.183333333333334,24.066666666666663,20.19354838709677,2.7464014336917546,17.78333333333333,30.6,23.329032258064508,7.478258661887691,14.916666666666666,25.116666666666664,18.61666666666667,4.518055555555553,20.3,31.2,24.316129032258065,6.925397849462367,,,
2026-07-19 00:00:00,2026-07-26,7.0,15.166666666666666,28.433333333333334,20.126881720430102,7.538012544802869,17.333333333333332,32.5,22.37311827956989,14.679938470728793,15.833333333333334,25.53333333333333,18.788172043010757,5.402022102747909,17.7,33.8,23.36774193548387,16.595591397849457,,,
2026-07-20 00:00:00,2026-07-27,7.0,13.066666666666668,23.33333333333333,19.068817204301077,4.059291517323774,12.766666666666666,28.95,21.090860215053763,7.059404420549584,14.066666666666668,22.85,17.296236559139782,2.5483094384707274,14.5,29.9,21.80967741935484,7.346903225806453,,,
2026-07-21 00:00:00,2026-07-28,7.0,16.283333333333335,22.6,19.278494623655916,2.5051146953404984,17.45,26.21666666666667,21.87849462365592,4.834966547192356,14.2,20.25,17.85,2.682592592592593,17.7,26.9,22.47096774193548,4.570795698924731,,,
2026-07-22 00:00:00,2026-07-29,7.0,19.33333333333333,26.8,23.30430107526881,3.657443847072877,20.716666666666665,34.0,27.200000000000006,15.19388888888889,15.483333333333334,26.683333333333334,21.043548387096777,10.63730884109916,21.1,34.7,28.119354838709675,15.10294623655914,,,
2026-07-23 00:00:00,2026-07-30,7.0,17.466666666666665,31.850000000000005,25.283870967741933,11.092120071684588,18.683333333333334,37.88333333333333,29.722043010752685,20.52319235364396,14.383333333333333,31.916666666666668,22.83387096774193,15.216045997610514,20.5,39.8,31.193548387096783,21.867290322580647,,,
2026-07-24 00:00:00,2026-07-31,7.0,17.883333333333333,28.0,23.30591397849462,8.40399163679809,20.383333333333333,34.23333333333333,26.86881720430108,11.873791517323772,13.85,28.416666666666668,20.95913978494624,9.581922939068102,21.7,35.4,28.006451612903227,13.29395698924731,,,
2026-07-25 00:00:00,2026-08-01,7.0,18.566666666666663,29.21666666666667,22.95268817204301,7.979798088410991,20.316666666666663,34.68333333333333,26.811290322580653,11.137673835125444,15.066666666666668,26.633333333333336,20.548924731182787,8.115683990442054,21.1,36.3,28.11935483870968,15.041612903225804,,,
2026-07-26 00:00:00,2026-08-02,7.0,17.983333333333334,25.35,20.41666666666666,2.363222222222222,19.916666666666668,28.916666666666668,24.11989247311828,6.415063321385902,14.966666666666669,23.2,18.51666666666667,5.773592592592592,20.9,29.9,25.048387096774192,6.769247311827958,,,
2026-07-27 00:00:00,2026-08-03,7.0,17.366666666666667,25.933333333333334,20.90215053763441,5.066254480286739,20.58333333333333,34.7,25.08817204301075,10.272188769414576,15.45,28.71666666666667,19.351612903225803,10.843802867383516,21.3,36.0,26.10322580645161,10.467655913978492,,,
2026-07-28 00:00:00,2026-08-04,7.0,15.95,27.1,20.53494623655914,8.846469534050179,15.333333333333334,29.383333333333336,23.966129032258067,12.794434886499406,14.7,24.366666666666664,18.960215053763445,7.493456989247309,17.8,30.6,25.21612903225806,12.03406451612903,,,
2026-07-29 00:00:00,2026-08-05,7.0,15.466666666666669,24.666666666666668,18.55752688172043,5.411459976105136,18.25,30.266666666666666,22.65913978494624,9.537867383512545,13.85,22.866666666666664,17.576881720430112,6.788568100358421,19.3,31.6,23.509677419354844,9.960236559139789,,,
2026-07-30 00:00:00,2026-08-06,7.0,16.633333333333333,28.666666666666668,21.00483870967742,8.235929510155316,16.383333333333333,34.88333333333333,24.45537634408602,12.868914575866189,15.433333333333332,27.95,19.71129032258065,6.46704420549582,18.3,35.7,25.55806451612903,11.88451612903226,,,
2026-07-31 00:00:00,2026-08-07,7.0,15.966666666666669,24.95,19.937634408602147,5.818610513739545,18.4,29.666666666666668,23.43064516129032,5.953316606929508,14.616666666666667,24.75,19.013978494623657,5.304224014336915,18.9,30.4,24.680645161290325,7.496946236559141,,,
2026-08-01 00:00:00,2026-08-08,7.0,15.5,22.03333333333333,18.87150537634409,2.2865035842293904,18.53333333333333,30.8,22.35591397849463,7.388065710872165,14.033333333333331,23.166666666666668,17.23172043010753,3.906321385902032,19.0,31.7,23.161290322580644,7.168451612903226,,,
2026-08-02 00:00:00,2026-08-09,7.0,16.633333333333333,23.83333333333333,19.92849462365591,1.876022102747909,18.433333333333334,28.166666666666668,22.973118279569896,5.076623655913981,14.816666666666668,21.83333333333333,17.648924731182795,3.224424731182796,20.2,30.7,23.98709677419355,6.264494623655916,,,
2026-08-03 00:00:00,2026-08-10,7.0,13.783333333333331,25.0,20.912903225806453,5.703513142174432,15.416666666666666,32.85,23.99731182795699,12.942242532855436,11.433333333333332,25.633333333333336,18.29784946236559,8.651513739546001,16.1,33.9,25.0,13.818,,,
2026-08-04 00:00:00,2026-08-11,7.0,15.1,24.066666666666663,19.549462365591395,5.704657108721626,17.566666666666666,30.85,23.89892473118279,11.38875806451613,12.433333333333332,26.0,18.53010752688172,9.735544802867386,18.2,31.8,24.71935483870968,12.19894623655914,,,
2026-08-05 00:00:00,2026-08-12,7.0,17.283333333333335,29.3,21.505376344086024,11.1383219832736,22.6,35.28333333333333,28.653763440860214,12.12601314217443,17.150000000000002,29.58333333333333,22.881182795698923,9.58586559139785,23.6,36.8,29.722580645161287,13.90647311827957,,,
2026-08-07 00:00:00,2026-08-14,7.0,22.366666666666664,30.116666666666664,24.92258064516129,3.347676821983272,25.116666666666664,38.86666666666667,29.63279569892473,11.52074970131422,18.433333333333334,28.416666666666668,22.123655913978496,7.4720328554360815,26.1,40.7,31.016129032258064,12.109397849462365,,,
2026-08-08 00:00:00,2026-08-15,7.0,20.25,27.7,23.983870967741936,4.520045997610512,21.633333333333336,36.15,27.93387096774193,12.240360812425328,17.316666666666666,28.766666666666666,20.73118279569892,8.735087813620073,22.6,37.4,29.270967741935483,12.761462365591395,,,
2026-08-09 00:00:00,2026-08-16,7.0,17.45,22.25,19.45268817204302,1.245853643966547,19.366666666666667,26.933333333333334,22.643010752688166,3.9853106332138566,14.95,21.0,17.241397849462363,3.4356272401433694,20.2,28.8,23.54516129032258,4.618559139784947,,,
2026-08-10 00:00:00,2026-08-17,7.0,15.883333333333336,22.6,18.307526881720428,3.009959976105137,17.833333333333332,27.766666666666666,21.51451612903226,7.266161887694149,13.833333333333334,23.416666666666668,16.741397849462363,6.091682795698927,18.2,29.6,22.380645161290325,8.450946236559142,,,
2026-08-11 00:00:00,2026-08-18,7.0,15.05,22.933333333333334,18.19086021505376,3.856497013142175,16.916666666666668,27.45,21.464516129032265,8.674161887694146,13.983333333333334,21.266666666666666,17.447849462365596,3.706698924731183,17.2,28.5,22.351612903225806,9.646580645161292,,,
2026-08-12 00:00:00,2026-08-19,7.0,15.583333333333334,22.1,18.79408602150537,2.082565710872162,16.433333333333334,26.7,20.51075268817204,4.691547192353643,14.866666666666667,21.683333333333334,17.11021505376344,2.3868829151732376,17.0,27.7,21.306451612903228,5.051956989247313,,,
2026-08-13 00:00:00,2026-08-20,7.0,14.55,22.766666666666666,18.990860215053768,3.0179044205495824,17.25,25.183333333333334,20.95,4.540277777777779,14.116666666666667,22.25,16.554301075268818,3.595147550776581,17.7,25.7,21.93870967741936,4.92778494623656,,,
2026-08-14 00:00:00,2026-08-21,7.0,14.433333333333332,20.05,17.609139784946237,1.7567747909199516,16.533333333333335,25.45,19.67741935483871,3.261065710872162,12.833333333333334,22.03333333333333,15.438709677419352,3.0480812425328545,16.9,26.1,20.52258064516129,3.145139784946236,,,
2026-08-15 00:00:00,2026-08-22,7.0,15.216666666666669,21.03333333333333,17.296236559139786,1.8288649940262844,15.333333333333334,26.53333333333333,20.098924731182795,5.665146953405015,13.25,21.433333333333334,15.940322580645162,4.759736559139785,17.6,27.4,21.067741935483877,5.804924731182796,,,
2026-08-16 00:00:00,2026-08-23,7.0,13.2,19.966666666666665,17.040860215053762,2.0128118279569884,13.283333333333331,24.9,19.743548387096773,7.428438470728793,12.716666666666669,18.866666666666667,15.552688172043013,2.5017240143369173,13.6,25.8,20.63548387096774,7.695032258064516,,,
2026-08-17 00:00:00,2026-08-24,7.0,12.633333333333333,19.35,16.86397849462366,2.031409199522102,13.166666666666666,22.33333333333333,19.46344086021505,4.876229988052571,13.666666666666666,20.1,15.593548387096776,1.9192532855436075,14.4,23.5,20.335483870967742,4.781032258064515,,,
2026-08-18 00:00:00,2026-08-25,7.0,12.983333333333334,19.8,17.3252688172043,2.184423536439666,15.933333333333332,24.683333333333334,20.868817204301077,5.636235961768222,14.05,21.633333333333336,17.222043010752685,3.4548775388291526,17.0,25.4,21.69677419354839,5.632989247311827,,,
2026-08-19 00:00:00,2026-08-26,7.0,17.116666666666667,22.516666666666666,19.60913978494624,2.4492562724014326,16.916666666666668,28.066666666666663,22.7741935483871,7.920571087216245,16.433333333333334,22.03333333333333,18.67956989247312,2.2741983273596174,19.1,30.3,23.832258064516125,8.45025806451613,,,
2026-08-20 00:00:00,2026-08-27,7.0,16.95,25.0,20.6505376344086,4.091323775388294,18.5,32.300000000000004,23.286559139784945,8.698044802867388,15.633333333333333,25.83333333333333,18.802150537634407,3.964958183990442,20.4,33.0,24.745161290322574,9.609225806451612,,,
2026-08-21 00:00:00,2026-08-28,7.0,15.133333333333333,23.65,18.71989247311828,4.155267025089609,15.1,26.866666666666664,20.94301075268817,6.785514336917561,15.233333333333334,22.0,17.475268817204302,2.734590203106333,17.5,28.5,21.864516129032257,6.973698924731182,,,
2026-08-22 00:00:00,2026-08-29,7.0,13.666666666666666,19.666666666666668,18.05,1.6911666666666667,16.166666666666668,22.416666666666668,19.81774193548388,1.8218136200716843,14.816666666666668,18.633333333333333,17.120430107526882,1.006994623655913,16.4,23.7,20.62258064516129,2.237139784946237,,,
2026-08-23 00:00:00,2026-08-30,7.0,15.95,20.766666666666666,17.863440860215057,1.1200633213859017,16.150000000000002,23.45,19.8494623655914,2.6711015531660696,13.716666666666669,19.5,16.836559139784946,1.3200077658303466,17.5,24.4,20.72258064516129,2.6211397849462363,,,
2026-08-24 00:00:00,2026-08-31,7.0,15.7,19.7,18.109677419354835,1.2192365591397858,15.85,23.816666666666663,19.98387096774194,2.5303052568697724,14.083333333333334,18.75,16.949999999999996,1.316685185185185,17.6,24.6,20.78709677419355,2.7738279569892472,,,
2026-08-25 00:00:00,2026-09-01,7.0,15.45,19.716666666666665,17.43064516129032,0.9428166069295096,16.616666666666667,24.4,19.79623655913978,3.7316427718040632,13.266666666666666,18.75,16.141935483870974,2.11099761051374,17.1,25.2,20.564516129032263,3.9370322580645154,,,
2026-08-26 00:00:00,2026-09-02,7.0,15.283333333333331,20.433333333333334,17.486021505376346,1.3127610513739547,16.566666666666666,24.9,19.669354838709676,3.664538829151734,12.6,19.2,15.763440860215054,2.630618876941458,17.0,26.0,20.47419354838709,4.301978494623656,,,
2026-08-28 00:00:00,2026-09-04,7.0,13.35,21.116666666666667,18.42795698924731,3.5935997610513755,15.5,24.066666666666663,19.6978494623656,5.268606332138588,14.566666666666668,19.933333333333334,17.070430107526885,3.405402031063321,15.8,25.0,20.580645161290324,5.049612903225806,,,
2026-08-29 00:00:00,2026-09-05,7.0,14.783333333333331,21.23333333333333,17.586021505376348,2.2940017921146967,15.733333333333334,24.766666666666666,18.88387096774193,4.675231182795698,13.766666666666666,21.133333333333333,16.21451612903226,4.825439665471925,16.1,25.6,19.85161290322581,4.309913978494624,,,
2026-08-30 00:00:00,2026-09-06,7.0,14.716666666666669,21.85,17.098924731182798,2.6711839904420533,15.833333333333334,26.7,21.0983870967742,8.400543608124252,12.266666666666666,21.383333333333336,17.17849462365591,5.693040621266428,16.6,27.9,21.987096774193542,8.883161290322581,,,
2026-08-31 00:00:00,2026-09-07,7.0,15.233333333333334,24.5,19.094623655913978,4.491618279569892,17.55,29.21666666666667,21.98870967741935,8.41256272401434,13.533333333333331,23.85,17.602150537634408,5.043050776583035,18.5,30.4,23.26129032258065,9.898451612903225,,,
2026-09-01 00:00:00,2026-09-08,7.0,14.883333333333333,21.6,18.03118279569892,2.814791517323776,15.566666666666668,25.766666666666666,19.127419354838715,5.015213859020309,13.3,19.85,15.674193548387098,3.3291821983273584,16.9,26.8,20.535483870967735,4.315032258064516,,,
2026-09-02 00:00:00,2026-09-09,7.0,13.383333333333333,16.683333333333334,15.260215053763442,0.9066792114695342,13.8,19.45,16.606451612903232,1.7849384707287927,12.55,15.266666666666666,13.76559139784946,0.6457025089605734,15.1,20.9,17.43870967741935,1.791118279569892,,,
2026-09-03 00:00:00,2026-09-10,7.0,12.2,16.833333333333332,15.255913978494624,0.8628434886499401,13.616666666666667,20.616666666666667,17.06774193548387,2.35823954599761,12.9,18.183333333333334,14.935483870967744,2.0431618876941458,15.1,21.6,18.04516129032258,1.797225806451613,,,
2026-09-04 00:00:00,2026-09-11,7.0,13.833333333333334,18.73333333333333,16.63010752688172,2.0515448028673826,16.3,21.73333333333333,18.623118279569898,1.8478643966547188,12.283333333333331,18.066666666666663,15.512903225806456,1.779290919952211,16.4,23.0,19.406451612903226,2.337956989247312,,,
2026-09-05 00:00:00,2026-09-12,7.0,13.916666666666666,20.966666666666665,17.03333333333333,2.358666666666666,15.883333333333333,24.066666666666663,18.767741935483876,4.150072879330945,13.033333333333331,19.3,15.50483870967742,2.584966547192353,16.5,25.2,19.84193548387097,4.37184946236559,,,
2026-09-06 00:00:00,2026-09-13,7.0,14.25,19.683333333333334,16.84623655913979,1.6564761051373955,16.366666666666667,22.2,19.092473118279568,2.79305256869773,12.65,19.666666666666668,15.663978494623656,3.5279462365591394,17.2,23.1,19.9,3.1173333333333337,,,
2026-09-07 00:00:00,2026-09-14,7.0,15.716666666666669,20.216666666666665,18.051075268817204,1.1332025089605726,17.733333333333334,25.75,21.18387096774193,2.7104904420549563,14.266666666666666,19.7,16.988709677419358,1.8398960573476697,18.6,26.9,22.15806451612903,3.103849462365592,,,
2026-09-08 00:00:00,2026-09-15,7.0,16.25,22.98333333333333,18.904301075268812,2.458591995221027,16.683333333333334,27.8,21.51505376344086,6.578358422939067,13.816666666666668,20.48333333333333,16.64462365591398,2.698599761051374,18.2,29.8,22.92258064516129,6.413139784946236,,,
2026-09-09 00:00:00,2026-09-16,7.0,14.833333333333334,20.83333333333333,17.58225806451613,3.0749432497013154,16.099999999999998,26.2,19.161290322580644,7.565303464755077,12.516666666666666,19.366666666666667,14.907526881720432,3.5082562724014337,16.5,27.5,20.345161290322583,8.349892473118278,,,
2026-09-10 00:00:00,2026-09-17,7.0,13.6,21.35,15.830107526881724,2.194489247311827,15.35,25.866666666666664,17.8247311827957,3.830645758661886,11.516666666666666,19.316666666666663,14.312903225806451,2.056827956989247,15.6,27.8,18.66774193548387,4.862924731182797,,,
2026-09-11 00:00:00,2026-09-18,7.0,13.35,17.3,15.366666666666664,0.9288148148148156,13.683333333333332,19.83333333333333,16.839784946236563,1.7114569892473124,11.933333333333332,16.933333333333334,14.205913978494625,1.0663434886499408,14.3,20.8,17.56451612903226,2.013032258064516,,,
2026-09-12 00:00:00,2026-09-19,7.0,13.583333333333334,17.566666666666666,15.809677419354838,0.962995818399044,15.266666666666666,21.28333333333333,18.49301075268817,1.7465143369175629,13.333333333333334,18.28333333333333,15.41505376344086,1.5167102747909202,15.5,22.4,19.16129032258064,2.208451612903225,,,
2026-09-13 00:00:00,2026-09-20,7.0,14.5,19.5,17.114516129032257,1.7417915173237746,13.433333333333332,24.066666666666663,18.89462365591398,4.472229390681004,12.166666666666666,18.3,15.299462365591395,2.6119348864994034,16.8,25.2,19.970967741935485,3.9127956989247306,,,
2026-09-14 00:00:00,2026-09-21,7.0,14.533333333333331,19.85,16.53763440860215,2.499962365591399,15.466666666666669,23.8,19.4258064516129,6.74844145758662,11.216666666666669,17.983333333333334,15.580645161290322,3.3539277180406226,16.5,25.0,20.412903225806456,7.14916129032258,,,
2026-09-15 00:00:00,2026-09-22,7.0,14.833333333333334,19.2,17.372580645161293,1.6961212664277177,16.833333333333332,23.83333333333333,19.94569892473118,2.7326475507765817,12.7,18.15,15.586559139784946,1.45421146953405,17.3,25.0,20.906451612903226,3.131290322580647,,,
2026-09-16 00:00:00,2026-09-23,7.0,13.283333333333331,19.683333333333334,16.44516129032258,3.608318399044206,15.583333333333334,26.28333333333333,19.45215053763441,5.9928841099163686,11.583333333333334,19.683333333333334,14.70698924731183,4.580384707287934,16.7,27.7,20.55161290322581,6.29658064516129,,,
2026-09-17 00:00:00,2026-09-24,7.0,14.083333333333334,20.78333333333333,17.324193548387097,2.845811827956988,15.083333333333334,25.433333333333334,20.46505376344086,6.036913978494627,11.283333333333331,19.9,15.356989247311828,3.997403225806453,15.9,26.4,21.716129032258063,6.200064516129031,,,
2026-09-18 00:00:00,2026-09-25,7.0,13.25,20.933333333333334,15.56935483870968,3.650927718040622,15.633333333333333,27.1,20.26666666666667,5.734037037037038,11.483333333333334,20.55,15.118279569892472,3.774506571087216,16.4,28.5,21.35483870967742,6.337892473118279,,,
2026-09-19 00:00:00,2026-09-26,7.0,12.5,19.85,15.212365591397848,2.3327771804062114,16.783333333333335,24.866666666666664,19.571505376344085,3.629577658303463,12.2,18.5,14.444086021505376,2.270287933094385,17.6,26.3,20.68064516129032,4.072279569892474,,,
2026-09-20 00:00:00,2026-09-27,7.0,14.116666666666667,18.08333333333333,16.37365591397849,1.0121254480286737,15.566666666666668,23.6,19.555376344086024,3.866766427718039,12.75,19.85,15.223118279569892,2.4951792114695333,16.8,25.0,20.648387096774197,4.08458064516129,,,
2026-09-21 00:00:00,2026-09-28,7.0,14.183333333333332,19.266666666666666,16.348387096774196,1.5866547192353653,14.933333333333332,26.0,19.29408602150537,6.095862007168459,10.416666666666666,19.683333333333334,14.848387096774196,6.096469534050178,16.2,27.4,20.41290322580645,6.22116129032258,,,
2026-09-29 00:00:00,,,,,,,,,,,,,,,,,,,15.980392156862745,0.056870434448289105,23.943137254901956
2026-09-29 01:00:00,,,,,,,,,,,,,,,,,,,15.903921568627451,0.06312187620146104,23.943137254901956
2026-09-29 02:00:00,,,,,,,,,,,,,,,,,,,15.821568627450983,0.07855440215301827,23.943137254901956
2026-09-29 03:00:00,,,,,,,,,,,,,,,,,,,15.709803921568627,0.0875509419454056,23.943137254901956
2026-09-29 04:00:00,,,,,,,,,,,,,,,,,,,15.44117647058823,0.07810841983852361,23.943137254901956
2026-09-29 05:00:00,,,,,,,,,,,,,,,,,,,15.150980392156868,0.06249903883121876,23.943137254901956
2026-09-29 06:00:00,,,,,,,,,,,,,,,,,,,15.227450980392161,0.06159938485197998,23.943137254901956
2026-09-29 07:00:00,,,,,,,,,,,,,,,,,,,15.890196078431373,0.060099961553248794,23.943137254901956
2026-09-29 08:00:00,,,,,,,,,,,,,,,,,,,16.92745098039216,0.10944252210688202,23.943137254901956
2026-09-29 09:00:00,,,,,,,,,,,,,,,,,,,18.125490196078427,0.18189926951172614,23.943137254901956
2026-09-29 10:00:00,,,,,,,,,,,,,,,,,,,19.570588235294117,0.22325259515570925,23.943137254901956
2026-09-29 11:00:00,,,,,,,,,,,,,,,,,,,21.17058823529412,0.29893886966551303,23.943137254901956
2026-09-29 12:00:00,,,,,,,,,,,,,,,,,,,22.46078431372549,0.3580699730872741,23.943137254901956
2026-09-29 13:00:00,,,,,,,,,,,,,,,,,,,23.339215686274503,0.2847366397539406,23.943137254901956
2026-09-29 14:00:00,,,,,,,,,,,,,,,,,,,23.905882352941177,0.20212226066897349,23.943137254901956
2026-09-29 15:00:00,,,,,,,,,,,,,,,,,,,23.943137254901956,0.1848058439061899,23.943137254901956
2026-09-29 16:00:00,,,,,,,,,,,,,,,,,,,23.172549019607832,0.1545405613225683,23.943137254901956
2026-09-29 17:00:00,,,,,,,,,,,,,,,,,,,21.876470588235286,0.1539561707035756,23.943137254901956
2026-09-29 18:00:00,,,,,,,,,,,,,,,,,,,20.772549019607833,0.18512879661668583,23.943137254901956
2026-09-29 19:00:00,,,,,,,,,,,,,,,,,,,20.098039215686278,0.2068589004229145,23.943137254901956
2026-09-29 20:00:00,,,,,,,,,,,,,,,,,,,19.605882352941176,0.25702422145328724,23.943137254901956
2026-09-29 21:00:00,,,,,,,,,,,,,,,,,,,19.15686274509804,0.34598231449442524,23.943137254901956
2026-09-29 22:00:00,,,,,,,,,,,,,,,,,,,18.698039215686272,0.3684275278738946,23.943137254901956
2026-09-29 23:00:00,,,,,,,,,,,,,,,,,,,18.28627450980392,0.4368704344482892,23.943137254901956
2026-09-30 00:00:00,,,,,,,,,,,,,,,,,,,17.94509803921569,0.5048289119569398,23.45490196078432
2026-09-30 01:00:00,,,,,,,,,,,,,,,,,,,17.698039215686276,0.5033294886582085,23.45490196078432
2026-09-30 02:00:00,,,,,,,,,,,,,,,,,,,17.525490196078433,0.47876201460976536,23.45490196078432
2026-09-30 03:00:00,,,,,,,,,,,,,,,,,,,17.41176470588236,0.5033910034602075,23.45490196078432
2026-09-30 04:00:00,,,,,,,,,,,,,,,,,,,17.264705882352942,0.49404844290657435,23.45490196078432
2026-09-30 05:00:00,,,,,,,,,,,,,,,,,,,17.176470588235293,0.46768166089965435,23.45490196078432
2026-09-30 06:00:00,,,,,,,,,,,,,,,,,,,17.460784313725494,0.4412072279892349,23.45490196078432
2026-09-30 07:00:00,,,,,,,,,,,,,,,,,,,18.362745098039216,0.35331795463283383,23.45490196078432
2026-09-30 08:00:00,,,,,,,,,,,,,,,,,,,19.649019607843137,0.30132256824298365,23.45490196078432
2026-09-30 09:00:00,,,,,,,,,,,,,,,,,,,20.819607843137256,0.27647827758554383,23.45490196078432
2026-09-30 10:00:00,,,,,,,,,,,,,,,,,,,21.83137254901961,0.2601922337562478,23.45490196078432
2026-09-30 11:00:00,,,,,,,,,,,,,,,,,,,22.74509803921568,0.37659361783929274,23.45490196078432
2026-09-30 12:00:00,,,,,,,,,,,,,,,,,,,23.32941176470588,0.549134948096886,23.45490196078432
2026-09-30 13:00:00,,,,,,,,,,,,,,,,,,,23.45490196078432,0.6805151864667432,23.45490196078432
2026-09-30 14:00:00,,,,,,,,,,,,,,,,,,,23.25882352941176,0.9561476355247978,23.45490196078432
2026-09-30 15:00:00,,,,,,,,,,,,,,,,,,,22.84313725490196,1.2012764321414837,23.45490196078432
2026-09-30 16:00:00,,,,,,,,,,,,,,,,,,,22.131372549019616,1.061368704344483,23.45490196078432
2026-09-30 17:00:00,,,,,,,,,,,,,,,,,,,21.21372549019608,0.8564782775855442,23.45490196078432
2026-09-30 18:00:00,,,,,,,,,,,,,,,,,,,20.398039215686275,0.7735255670895809,23.45490196078432
2026-09-30 19:00:00,,,,,,,,,,,,,,,,,,,19.8313725490196,0.6413687043444828,23.45490196078432
2026-09-30 20:00:00,,,,,,,,,,,,,,,,,,,19.364705882352936,0.539538638985006,23.45490196078432
2026-09-30 21:00:00,,,,,,,,,,,,,,,,,,,18.94313725490196,0.5000999615532487,23.45490196078432
2026-09-30 22:00:00,,,,,,,,,,,,,,,,,,,18.547058823529404,0.38680507497116506,23.45490196078432
2026-09-30 23:00:00,,,,,,,,,,,,,,,,,,,18.184313725490192,0.2656362937331794,23.45490196078432
2026-10-01 00:00:00,,,,,,,,,,,,,,,,,,,17.88627450980393,0.21020376778162253,19.03725490196078
2026-10-01 01:00:00,,,,,,,,,,,,,,,,,,,17.63529411764706,0.17208765859284872,19.03725490196078
2026-10-01 02:00:00,,,,,,,,,,,,,,,,,,,17.45098039215686,0.16485198000768933,19.03725490196078
2026-10-01 03:00:00,,,,,,,,,,,,,,,,,,,17.282352941176473,0.1908650519031141,19.03725490196078
2026-10-01 04:00:00,,,,,,,,,,,,,,,,,,,17.03921568627451,0.21297193387158803,19.03725490196078
2026-10-01 05:00:00,,,,,,,,,,,,,,,,,,,16.835294117647063,0.3348327566320644,19.03725490196078
2026-10-01 06:00:00,,,,,,,,,,,,,,,,,,,16.849019607843132,0.4507343329488658,19.03725490196078
2026-10-01 07:00:00,,,,,,,,,,,,,,,,,,,17.294117647058822,0.3766320645905419,19.03725490196078
2026-10-01 08:00:00,,,,,,,,,,,,,,,,,,,17.96470588235294,0.3814994232987312,19.03725490196078
2026-10-01 09:00:00,,,,,,,,,,,,,,,,,,,18.50980392156863,0.49892349096501326,19.03725490196078
2026-10-01 10:00:00,,,,,,,,,,,,,,,,,,,18.821568627450983,0.5016916570549791,19.03725490196078
2026-10-01 11:00:00,,,,,,,,,,,,,,,,,,,19.005882352941175,0.6174163783160326,19.03725490196078
2026-10-01 12:00:00,,,,,,,,,,,,,,,,,,,19.03725490196078,0.7599846212995006,19.03725490196078
2026-10-01 13:00:00,,,,,,,,,,,,,,,,,,,18.872549019607842,0.6980699730872744,19.03725490196078
2026-10-01 14:00:00,,,,,,,,,,,,,,,,,,,18.543137254901954,0.6051980007689348,19.03725490196078
2026-10-01 15:00:00,,,,,,,,,,,,,,,,,,,18.111764705882354,0.5806459054209917,19.03725490196078
2026-10-01 16:00:00,,,,,,,,,,,,,,,,,,,17.5,0.4368627450980392,19.03725490196078
2026-10-01 17:00:00,,,,,,,,,,,,,,,,,,,16.78039215686275,0.3443214148404461,19.03725490196078
2026-10-01 18:00:00,,,,,,,,,,,,,,,,,,,16.129411764705885,0.4381545559400229,19.03725490196078
2026-10-01 19:00:00,,,,,,,,,,,,,,,,,,,15.654901960784313,0.5212995001922335,19.03725490196078
2026-10-01 20:00:00,,,,,,,,,,,,,,,,,,,15.272549019607842,0.6278738946559016,19.03725490196078
2026-10-01 21:00:00,,,,,,,,,,,,,,,,,,,14.915686274509802,0.7550480584390621,19.03725490196078
2026-10-01 22:00:00,,,,,,,,,,,,,,,,,,,14.56274509803922,0.8839061899269511,19.03725490196078
2026-10-01 23:00:00,,,,,,,,,,,,,,,,,,,14.225490196078425,1.077977700884275,19.03725490196078
2026-10-02 00:00:00,,,,,,,,,,,,,,,,,,,13.888235294117653,1.203391003460207,18.94901960784314
2026-10-02 01:00:00,,,,,,,,,,,,,,,,,,,13.541176470588235,1.2612456747404839,18.94901960784314
2026-10-02 02:00:00,,,,,,,,,,,,,,,,,,,13.2078431372549,1.2685659361783928,18.94901960784314
2026-10-02 03:00:00,,,,,,,,,,,,,,,,,,,12.907843137254897,1.2666051518646675,18.94901960784314
2026-10-02 04:00:00,,,,,,,,,,,,,,,,,,,12.486274509803918,1.187850826605152,18.94901960784314
2026-10-02 05:00:00,,,,,,,,,,,,,,,,,,,12.10392156862745,1.1529257977700882,18.94901960784314
2026-10-02 06:00:00,,,,,,,,,,,,,,,,,,,12.211764705882354,1.1520184544406,18.94901960784314
2026-10-02 07:00:00,,,,,,,,,,,,,,,,,,,13.162745098039219,1.1446905036524413,18.94901960784314
2026-10-02 08:00:00,,,,,,,,,,,,,,,,,,,14.596078431372549,1.2858669742406768,18.94901960784314
2026-10-02 09:00:00,,,,,,,,,,,,,,,,,,,15.921568627450982,1.3812995001922337,18.94901960784314
2026-10-02 10:00:00,,,,,,,,,,,,,,,,,,,17.0078431372549,1.0344482891195692,18.94901960784314
2026-10-02 11:00:00,,,,,,,,,,,,,,,,,,,17.992156862745098,0.6548404459823141,18.94901960784314
2026-10-02 12:00:00,,,,,,,,,,,,,,,,,,,18.65882352941177,0.4616378316032293,18.94901960784314
2026-10-02 13:00:00,,,,,,,,,,,,,,,,,,,18.94901960784314,0.3762245290272975,18.94901960784314
2026-10-02 14:00:00,,,,,,,,,,,,,,,,,,,18.9078431372549,0.3234678969627068,18.94901960784314
2026-10-02 15:00:00,,,,,,,,,,,,,,,,,,,18.517647058823528,0.31517877739331035,18.94901960784314
2026-10-02 16:00:00,,,,,,,,,,,,,,,,,,,17.598039215686278,0.28136870434448297,18.94901960784314
2026-10-02 17:00:00,,,,,,,,,,,,,,,,,,,16.315686274509805,0.2805382545174932,18.94901960784314
2026-10-02 18:00:00,,,,,,,,,,,,,,,,,,,15.2078431372549,0.32150711264898135,18.94901960784314
2026-10-02 19:00:00,,,,,,,,,,,,,,,,,,,14.509803921568627,0.3318646674356017,18.94901960784314
2026-10-02 20:00:00,,,,,,,,,,,,,,,,,,,13.9921568627451,0.38738946559015763,18.94901960784314
2026-10-02 21:00:00,,,,,,,,,,,,,,,,,,,13.531372549019611,0.44960399846212973,18.94901960784314
2026-10-02 22:00:00,,,,,,,,,,,,,,,,,,,13.119607843137253,0.4666743560169168,18.94901960784314
2026-10-02 23:00:00,,,,,,,,,,,,,,,,,,,12.766666666666667,0.48771241830065354,18.94901960784314
2026-10-03 00:00:00,,,,,,,,,,,,,,,,,,,12.43137254901961,0.5437216455209535,18.7235294117647
2026-10-03 01:00:00,,,,,,,,,,,,,,,,,,,12.068627450980392,0.6417608612072281,18.7235294117647
2026-10-03 02:00:00,,,,,,,,,,,,,,,,,,,11.72156862745098,0.8373779315647825,18.7235294117647
2026-10-03 03:00:00,,,,,,,,,,,,,,,,,,,11.4,0.9870588235294119,18.7235294117647
2026-10-03 04:00:00,,,,,,,,,,,,,,,,,,,11.005882352941176,1.0221222606689733,18.7235294117647
2026-10-03 05:00:00,,,,,,,,,,,,,,,,,,,10.637254901960784,1.0501806997308727,18.7235294117647
2026-10-03 06:00:00,,,,,,,,,,,,,,,,,,,10.778431372549019,1.046005382545175,18.7235294117647
2026-10-03 07:00:00,,,,,,,,,,,,,,,,,,,11.725490196078434,0.9548404459823143,18.7235294117647
2026-10-03 08:00:00,,,,,,,,,,,,,,,,,,,13.182352941176473,0.9677277970011536,18.7235294117647
2026-10-03 09:00:00,,,,,,,,,,,,,,,,,,,14.615686274509805,1.010734332948866,18.7235294117647
2026-10-03 10:00:00,,,,,,,,,,,,,,,,,,,16.011764705882353,0.77280276816609,18.7235294117647
2026-10-03 11:00:00,,,,,,,,,,,,,,,,,,,17.384313725490195,0.45230296039984635,18.7235294117647
2026-10-03 12:00:00,,,,,,,,,,,,,,,,,,,18.333333333333332,0.3049673202614383,18.7235294117647
2026-10-03 13:00:00,,,,,,,,,,,,,,,,,,,18.7235294117647,0.22925028835063435,18.7235294117647
2026-10-03 14:00:00,,,,,,,,,,,,,,,,,,,18.686274509803923,0.24236063052672088,18.7235294117647
2026-10-03 15:00:00,,,,,,,,,,,,,,,,,,,18.284313725490197,0.31347943098808145,18.7235294117647
2026-10-03 16:00:00,,,,,,,,,,,,,,,,,,,17.329411764705878,0.34835063437139546,18.7235294117647
2026-10-03 17:00:00,,,,,,,,,,,,,,,,,,,16.011764705882356,0.4222145328719726,18.7235294117647
2026-10-03 18:00:00,,,,,,,,,,,,,,,,,,,14.9,0.5356862745098039,18.7235294117647
2026-10-03 19:00:00,,,,,,,,,,,,,,,,,,,14.247058823529409,0.595040369088812,18.7235294117647
2026-10-03 20:00:00,,,,,,,,,,,,,,,,,,,13.801960784313723,0.6327412533640908,18.7235294117647
2026-10-03 21:00:00,,,,,,,,,,,,,,,,,,,13.435294117647059,0.6858131487889271,18.7235294117647
2026-10-03 22:00:00,,,,,,,,,,,,,,,,,,,13.107843137254902,0.7618992695117265,18.7235294117647
2026-10-03 23:00:00,,,,,,,,,,,,,,,,,,,12.85686274509804,0.8820607458669741,18.7235294117647
2026-10-04 00:00:00,,,,,,,,,,,,,,,,,,,12.605882352941176,1.077808535178778,17.839215686274507
2026-10-04 01:00:00,,,,,,,,,,,,,,,,,,,12.294117647058817,1.3601614763552476,17.839215686274507
2026-10-04 02:00:00,,,,,,,,,,,,,,,,,,,11.97843137254902,1.7754171472510567,17.839215686274507
2026-10-04 03:00:00,,,,,,,,,,,,,,,,,,,11.739215686274509,2.0588542868127644,17.839215686274507
2026-10-04 04:00:00,,,,,,,,,,,,,,,,,,,11.456862745098041,2.159707804690503,17.839215686274507
2026-10-04 05:00:00,,,,,,,,,,,,,,,,,,,11.229411764705882,2.3001153402537473,17.839215686274507
2026-10-04 06:00:00,,,,,,,,,,,,,,,,,,,11.42156862745098,2.290711264898116,17.839215686274507
2026-10-04 07:00:00,,,,,,,,,,,,,,,,,,,12.270588235294118,1.795409457900807,17.839215686274507
2026-10-04 08:00:00,,,,,,,,,,,,,,,,,,,13.527450980392159,1.454148404459823,17.839215686274507
2026-10-04 09:00:00,,,,,,,,,,,,,,,,,,,14.733333333333333,1.3406535947712412,17.839215686274507
2026-10-04 10:00:00,,,,,,,,,,,,,,,,,,,15.821568627450983,1.004436755094195,17.839215686274507
2026-10-04 11:00:00,,,,,,,,,,,,,,,,,,,16.862745098039213,0.7258669742406764,17.839215686274507
2026-10-04 12:00:00,,,,,,,,,,,,,,,,,,,17.558823529411768,0.720853517877739,17.839215686274507
2026-10-04 13:00:00,,,,,,,,,,,,,,,,,,,17.839215686274507,0.7741484044598229,17.839215686274507
2026-10-04 14:00:00,,,,,,,,,,,,,,,,,,,17.77843137254902,0.8185544021530186,17.839215686274507
2026-10-04 15:00:00,,,,,,,,,,,,,,,,,,,17.3843137254902,0.828381391772395,17.839215686274507
2026-10-04 16:00:00,,,,,,,,,,,,,,,,,,,16.49019607843137,0.7165705497885423,17.839215686274507
2026-10-04 17:00:00,,,,,,,,,,,,,,,,,,,15.270588235294115,0.6091349480968858,17.839215686274507
2026-10-04 18:00:00,,,,,,,,,,,,,,,,,,,14.284313725490206,0.5185774702037678,17.839215686274507
2026-10-04 19:00:00,,,,,,,,,,,,,,,,,,,13.809803921568628,0.37068819684736615,17.839215686274507
2026-10-04 20:00:00,,,,,,,,,,,,,,,,,,,13.576470588235296,0.5625836216839677,17.839215686274507
2026-10-04 21:00:00,,,,,,,,,,,,,,,,,,,13.32156862745098,1.0016916570549788,17.839215686274507
2026-10-04 22:00:00,,,,,,,,,,,,,,,,,,,12.949019607843141,1.2174009996155328,17.839215686274507
2026-10-04 23:00:00,,,,,,,,,,,,,,,,,,,12.566666666666668,1.2865359477124183,17.839215686274507
2026-10-05 00:00:00,,,,,,,,,,,,,,,,,,,12.166666666666664,1.4151633986928105,17.301960784313724
2026-10-05 01:00:00,,,,,,,,,,,,,,,,,,,11.711764705882352,1.5928027681660895,17.301960784313724
2026-10-05 02:00:00,,,,,,,,,,,,,,,,,,,11.262745098039213,1.7807689350249905,17.301960784313724
2026-10-05 03:00:00,,,,,,,,,,,,,,,,,,,10.927450980392159,1.9968935024990395,17.301960784313724
2026-10-05 04:00:00,,,,,,,,,,,,,,,,,,,10.676470588235297,2.218269896193771,17.301960784313724
2026-10-05 05:00:00,,,,,,,,,,,,,,,,,,,10.541176470588239,2.3961476355247986,17.301960784313724
2026-10-05 06:00:00,,,,,,,,,,,,,,,,,,,10.800000000000004,2.345098039215687,17.301960784313724
2026-10-05 07:00:00,,,,,,,,,,,,,,,,,,,11.652941176470588,1.8683737024221458,17.301960784313724
2026-10-05 08:00:00,,,,,,,,,,,,,,,,,,,12.888235294117646,1.3539792387543252,17.301960784313724
2026-10-05 09:00:00,,,,,,,,,,,,,,,,,,,14.107843137254907,1.0881737793156478,17.301960784313724
2026-10-05 10:00:00,,,,,,,,,,,,,,,,,,,15.311764705882352,1.0998615916955015,17.301960784313724
2026-10-05 11:00:00,,,,,,,,,,,,,,,,,,,16.505882352941175,1.3291810841983853,17.301960784313724
2026-10-05 12:00:00,,,,,,,,,,,,,,,,,,,17.25294117647059,1.6868050749711647,17.301960784313724
2026-10-05 13:00:00,,,,,,,,,,,,,,,,,,,17.301960784313724,1.7848981161091881,17.301960784313724
2026-10-05 14:00:00,,,,,,,,,,,,,,,,,,,16.9078431372549,1.7469973087274124,17.301960784313724
2026-10-05 15:00:00,,,,,,,,,,,,,,,,,,,16.40196078431373,1.745682429834679,17.301960784313724
2026-10-05 16:00:00,,,,,,,,,,,,,,,,,,,15.796078431372553,1.676455209534794,17.301960784313724
2026-10-05 17:00:00,,,,,,,,,,,,,,,,,,,15.090196078431378,1.6593156478277589,17.301960784313724
2026-10-05 18:00:00,,,,,,,,,,,,,,,,,,,14.45490196078431,1.672279892349097,17.301960784313724
2026-10-05 19:00:00,,,,,,,,,,,,,,,,,,,13.986274509803918,1.7286351403306426,17.301960784313724
2026-10-05 20:00:00,,,,,,,,,,,,,,,,,,,13.588235294117652,1.8437831603229526,17.301960784313724
2026-10-05 21:00:00,,,,,,,,,,,,,,,,,,,13.221568627450981,2.0067896962706664,17.301960784313724
2026-10-05 22:00:00,,,,,,,,,,,,,,,,,,,12.864705882352945,2.2579700115340247,17.301960784313724
2026-10-05 23:00:00,,,,,,,,,,,,,,,,,,,12.529411764705882,2.4989388696655124,17.301960784313724
2026-10-06 00:00:00,,,,,,,,,,,,,,,,,,,12.198039215686277,2.8217608612072276,17.415686274509806
2026-10-06 01:00:00,,,,,,,,,,,,,,,,,,,11.831372549019605,3.084113802383698,17.415686274509806
2026-10-06 02:00:00,,,,,,,,,,,,,,,,,,,11.46470588235294,3.461891580161477,17.415686274509806
2026-10-06 03:00:00,,,,,,,,,,,,,,,,,,,11.207843137254905,3.8164090734332943,17.415686274509806
2026-10-06 04:00:00,,,,,,,,,,,,,,,,,,,11.037254901960782,4.192925797770089,17.415686274509806
2026-10-06 05:00:00,,,,,,,,,,,,,,,,,,,10.970588235294118,4.496978085351788,17.415686274509806
2026-10-06 06:00:00,,,,,,,,,,,,,,,,,,,11.252941176470591,4.330334486735872,17.415686274509806
2026-10-06 07:00:00,,,,,,,,,,,,,,,,,,,12.086274509803923,3.4882429834678974,17.415686274509806
2026-10-06 08:00:00,,,,,,,,,,,,,,,,,,,13.262745098039215,2.442729719338716,17.415686274509806
2026-10-06 09:00:00,,,,,,,,,,,,,,,,,,,14.4156862745098,1.7738715878508267,17.415686274509806
2026-10-06 10:00:00,,,,,,,,,,,,,,,,,,,15.560784313725497,1.5317954632833533,17.415686274509806
2026-10-06 11:00:00,,,,,,,,,,,,,,,,,,,16.676470588235293,1.708465974625143,17.415686274509806
2026-10-06 12:00:00,,,,,,,,,,,,,,,,,,,17.36470588235294,2.0913033448673595,17.415686274509806
2026-10-06 13:00:00,,,,,,,,,,,,,,,,,,,17.415686274509806,2.240930411380238,17.415686274509806
2026-10-06 14:00:00,,,,,,,,,,,,,,,,,,,17.023529411764706,2.2167012687427907,17.415686274509806
2026-10-06 15:00:00,,,,,,,,,,,,,,,,,,,16.527450980392153,2.1741484044598223,17.415686274509806
2026-10-06 16:00:00,,,,,,,,,,,,,,,,,,,15.94705882352941,2.0977854671280287,17.415686274509806
2026-10-06 17:00:00,,,,,,,,,,,,,,,,,,,15.264705882352938,2.0520876585928494,17.415686274509806
2026-10-06 18:00:00,,,,,,,,,,,,,,,,,,,14.658823529411766,2.0134025374855824,17.415686274509806
2026-10-06 19:00:00,,,,,,,,,,,,,,,,,,,14.221568627450972,2.0060053825451747,17.415686274509806
2026-10-06 20:00:00,,,,,,,,,,,,,,,,,,,13.858823529411763,2.013794694348327,17.415686274509806
2026-10-06 21:00:00,,,,,,,,,,,,,,,,,,,13.521568627450986,2.0381622452902737,17.415686274509806
2026-10-06 22:00:00,,,,,,,,,,,,,,,,,,,13.190196078431374,2.1122568242983464,17.415686274509806
2026-10-06 23:00:00,,,,,,,,,,,,,,,,,,,12.874509803921567,2.1924875048058436,17.415686274509806
