init_date,forecast_date,lead_time_days,morning_max_low,morning_max_high,morning_max_mean,morning_max_var,afternoon_max_low,afternoon_max_high,afternoon_max_mean,afternoon_max_var,evening_max_low,evening_max_high,evening_max_mean,evening_max_var,morning_gust_mean,afternoon_gust_mean,evening_gust_mean,wind_slot_max_mean,wind_slot_gust_mean
2026-07-13 00:00:00,2026-07-20,7.0,1.4,18.1,7.670967741935484,9.8474623655914,4.2,16.0,9.719354838709677,6.893612903225805,3.4,11.9,8.232258064516131,3.7535913978494624,11.28064516129032,12.058064516129036,12.609677419354837,,
2026-07-14 00:00:00,2026-07-21,7.0,3.6,11.6,6.925806451612904,4.971978494623656,4.2,13.0,9.122580645161287,4.427139784946237,3.9,12.3,8.438709677419356,2.9011182795698924,9.477419354838707,11.27096774193548,13.600000000000003,,
2026-07-15 00:00:00,2026-07-22,7.0,2.7,13.1,7.525806451612903,4.957311827956989,7.2,14.0,9.777419354838708,2.4311397849462364,5.1,13.4,8.738709677419356,2.451784946236559,10.712903225806448,12.132258064516131,14.035483870967743,,
2026-07-16 00:00:00,2026-07-23,7.0,3.2,13.3,7.396774193548388,8.14632258064516,3.6,13.6,9.158064516129034,4.784516129032257,3.3,12.1,7.806451612903226,4.370623655913978,10.522580645161288,10.883870967741936,11.06774193548387,,
2026-07-17 00:00:00,2026-07-24,7.0,1.8,12.9,7.48709677419355,9.492494623655912,2.9,13.0,8.996774193548385,7.961655913978494,3.3,10.0,6.590322580645161,3.747569892473119,10.54516129032258,11.251612903225803,10.69032258064516,,
2026-07-18 00:00:00,2026-07-25,7.0,2.9,12.7,8.435483870967742,6.606365591397847,4.5,14.5,9.9,5.372,3.9,13.7,7.535483870967741,6.263032258064516,12.558064516129036,13.558064516129033,13.629032258064512,,
2026-07-19 00:00:00,2026-07-26,7.0,3.7,13.0,9.65483870967742,4.888559139784946,5.7,13.6,10.44516129032258,2.7938924731182797,4.3,10.6,7.235483870967742,2.417032258064516,15.654838709677415,15.264516129032256,13.95483870967742,,
2026-07-20 00:00:00,2026-07-27,7.0,2.7,14.8,10.1,11.040666666666668,5.5,16.4,11.506451612903223,6.277290322580644,4.5,13.3,8.141935483870967,4.8185161290322585,14.087096774193546,15.41935483870968,13.451612903225806,,
2026-07-21 00:00:00,2026-07-28,7.0,4.4,15.7,10.132258064516128,8.526924731182795,6.0,16.6,10.96774193548387,6.412924731182796,3.7,17.4,7.225806451612903,7.4566451612903215,14.16451612903226,14.419354838709678,12.777419354838706,,
2026-07-22 00:00:00,2026-07-29,7.0,2.3,10.8,7.135483870967741,5.405032258064517,3.8,11.4,8.154838709677419,5.849892473118278,3.9,11.6,6.574193548387095,2.825311827956989,11.00322580645161,10.441935483870967,11.083870967741932,,
2026-07-23 00:00:00,2026-07-30,7.0,3.4,13.3,7.93225806451613,6.18225806451613,6.4,14.1,9.76774193548387,4.307591397849463,4.4,13.9,8.051612903225807,6.415913978494625,12.84516129032258,13.570967741935483,15.48709677419355,,
2026-07-24 00:00:00,2026-07-31,7.0,3.4,11.9,7.706451612903225,6.061290322580645,5.3,16.0,9.59032258064516,6.52356989247312,3.6,14.4,9.161290322580646,7.617784946236559,12.603225806451611,13.37741935483871,16.80322580645161,,
2026-07-25 00:00:00,2026-08-01,7.0,1.8,11.7,7.354838709677419,5.097892473118279,5.4,14.1,9.725806451612902,4.076645161290322,4.7,14.2,8.829032258064515,7.228129032258066,11.893548387096777,13.203225806451607,15.451612903225804,,
2026-07-26 00:00:00,2026-08-02,7.0,2.1,15.7,7.409677419354838,11.370236559139784,2.6,15.5,9.51290322580645,7.205827956989249,4.0,11.9,8.419354838709678,4.237612903225807,11.57096774193548,12.464516129032257,14.496774193548386,,
2026-07-27 00:00:00,2026-08-03,7.0,3.0,15.0,7.248387096774193,7.169247311827957,3.8,15.7,9.074193548387097,5.505311827956988,4.0,14.9,8.754838709677417,5.861225806451613,11.49032258064516,12.509677419354835,15.454838709677418,,
2026-07-28 00:00:00,2026-08-04,7.0,5.1,14.8,9.277419354838706,5.059139784946237,4.8,15.2,9.85483870967742,6.787225806451614,3.7,15.4,9.277419354838711,6.301139784946235,16.396774193548385,14.722580645161292,16.65806451612903,,
2026-07-29 00:00:00,2026-08-05,7.0,3.7,14.4,7.683870967741935,6.0627311827957,5.7,15.7,9.14838709677419,6.013247311827956,3.0,14.8,8.541935483870969,6.907182795698927,12.961290322580648,12.16451612903226,14.929032258064517,,
2026-07-30 00:00:00,2026-08-06,7.0,3.5,14.4,8.403225806451612,6.160989247311829,4.9,14.1,9.570967741935483,5.0281290322580645,3.0,13.8,8.509677419354839,6.001569892473119,13.470967741935484,13.383870967741938,15.716129032258063,,
2026-07-31 00:00:00,2026-08-07,7.0,2.5,14.1,7.464516129032258,8.108365591397849,3.3,15.7,9.512903225806452,9.395827956989248,4.3,18.8,9.52903225806452,12.564129032258068,12.161290322580646,14.154838709677414,18.33870967741936,,
2026-08-01 00:00:00,2026-08-08,7.0,3.3,13.9,7.503225806451612,6.630989247311828,3.9,14.7,9.38064516129032,6.600279569892471,2.6,14.9,8.396774193548389,6.789655913978496,10.116129032258062,12.138709677419351,13.632258064516128,,
2026-08-02 00:00:00,2026-08-09,7.0,2.1,11.8,7.680645161290322,4.618279569892473,4.9,12.7,9.396774193548383,3.038322580645161,4.9,10.5,7.806451612903224,2.411956989247312,10.861290322580643,11.948387096774196,12.670967741935485,,
2026-08-03 00:00:00,2026-08-10,7.0,3.3,13.6,8.035483870967743,7.061698924731183,5.8,14.4,10.096774193548386,4.886322580645162,4.5,12.1,8.074193548387097,5.011311827956989,11.712903225806448,13.103225806451611,14.006451612903222,,
2026-08-04 00:00:00,2026-08-11,7.0,3.3,12.6,7.293548387096774,6.565290322580646,4.7,12.6,8.67741935483871,5.746473118279569,4.0,12.2,8.070967741935483,4.295462365591399,10.941935483870967,11.33548387096774,15.01612903225806,,
2026-08-05 00:00:00,2026-08-12,7.0,4.2,12.0,7.245161290322581,3.1805591397849464,4.4,10.4,7.654838709677422,2.340559139784946,3.5,10.6,7.364516129032258,3.5116989247311827,13.019354838709676,11.303225806451614,15.477419354838704,,
2026-08-07 00:00:00,2026-08-14,7.0,2.9,10.8,6.4806451612903215,4.365612903225808,4.3,11.8,8.890322580645162,4.4869032258064525,4.5,11.8,8.190322580645162,3.946236559139786,9.638709677419357,12.080645161290322,14.645161290322577,,
2026-08-08 00:00:00,2026-08-15,7.0,2.4,12.9,6.55483870967742,7.863225806451614,6.0,14.3,9.293548387096775,4.861956989247314,5.3,13.6,8.890322580645162,3.639569892473119,10.054838709677416,12.983870967741934,16.232258064516124,,
2026-08-09 00:00:00,2026-08-16,7.0,2.4,11.7,7.496774193548386,4.770989247311829,3.6,12.0,9.15483870967742,3.257225806451614,5.3,12.4,9.122580645161287,2.501139784946237,11.319354838709678,12.006451612903229,15.580645161290322,,
2026-08-10 00:00:00,2026-08-17,7.0,2.8,14.3,7.248387096774194,4.891247311827957,3.1,14.6,9.287096774193548,5.197827956989247,3.5,14.7,8.541935483870969,6.444516129032257,11.261290322580644,12.267741935483873,14.106451612903228,,
2026-08-11 00:00:00,2026-08-18,7.0,2.5,13.8,7.880645161290323,8.710279569892474,2.2,18.4,9.903225806451616,9.72498924731183,4.2,17.3,8.10967741935484,7.68356989247312,12.741935483870966,14.377419354838707,14.725806451612904,,
2026-08-12 00:00:00,2026-08-19,7.0,1.9,14.5,9.27741935483871,8.155806451612904,4.4,14.7,10.04516129032258,5.816559139784946,2.5,13.1,7.606451612903225,4.417956989247311,14.164516129032258,14.151612903225807,14.20967741935484,,
2026-08-13 00:00:00,2026-08-20,7.0,2.4,11.9,7.848387096774193,6.119247311827958,2.8,14.7,9.438709677419356,5.381784946236558,4.7,11.0,7.332258064516128,3.447591397849463,11.522580645161288,12.087096774193547,12.32258064516129,,
2026-08-14 00:00:00,2026-08-21,7.0,3.3,13.5,8.109677419354838,6.132236559139785,4.8,14.3,9.43870967741936,5.280451612903226,5.2,12.3,7.603225806451612,4.105655913978495,11.470967741935484,12.158064516129036,12.596774193548386,,
2026-08-15 00:00:00,2026-08-22,7.0,2.5,13.9,7.290322580645161,6.920903225806451,5.5,13.2,9.145161290322578,3.7965591397849465,3.4,13.8,8.06774193548387,6.149591397849464,11.603225806451611,12.96129032258064,14.9,,
2026-08-16 00:00:00,2026-08-23,7.0,2.8,14.6,7.054838709677419,8.073225806451612,4.1,13.6,9.193548387096774,4.8932903225806434,2.6,14.6,8.609677419354838,6.182903225806452,10.612903225806452,13.564516129032253,15.858064516129032,,
2026-08-17 00:00:00,2026-08-24,7.0,2.3,18.7,7.880645161290322,13.22094623655914,5.2,18.4,9.261290322580646,9.221784946236555,3.5,15.2,7.496774193548388,7.71232258064516,12.490322580645165,13.27741935483871,13.916129032258064,,
2026-08-18 00:00:00,2026-08-25,7.0,2.3,19.7,7.645161290322582,19.03722580645161,3.4,13.9,7.780645161290321,9.096279569892472,2.4,12.0,6.800000000000001,6.928666666666666,12.929032258064517,11.89032258064516,13.54516129032258,,
2026-08-19 00:00:00,2026-08-26,7.0,3.8,19.0,8.829032258064519,9.189462365591398,3.9,17.5,9.09032258064516,8.477569892473118,1.4,11.9,6.4870967741935495,6.86716129032258,15.112903225806452,14.300000000000002,13.95806451612903,,
2026-08-20 00:00:00,2026-08-27,7.0,4.0,16.5,9.1,10.505999999999998,4.1,15.8,9.76774193548387,12.573591397849464,3.3,20.3,8.56451612903226,12.215032258064518,15.66774193548387,15.451612903225802,17.41290322580645,,
2026-08-21 00:00:00,2026-08-28,7.0,6.2,18.5,11.819354838709677,7.845612903225807,6.2,17.5,12.106451612903223,9.277290322580646,3.1,13.7,9.348387096774196,7.897913978494624,19.951612903225808,19.2,19.296774193548387,,
2026-08-22 00:00:00,2026-08-29,7.0,9.0,18.6,13.238709677419356,4.967784946236559,7.7,19.2,13.499999999999996,5.325333333333333,5.1,14.9,10.0258064516129,7.0459784946236566,21.490322580645163,21.454838709677425,19.712903225806453,,
2026-08-23 00:00:00,2026-08-30,7.0,5.0,18.9,11.361290322580643,12.785784946236555,6.3,21.4,12.458064516129031,12.781182795698925,3.7,19.0,9.341935483870968,17.081182795698926,18.83548387096774,19.293548387096777,18.329032258064515,,
2026-08-24 00:00:00,2026-08-31,7.0,3.1,18.1,13.151612903225804,12.198580645161288,3.6,18.0,13.751612903225809,12.099913978494625,4.1,21.4,10.42903225806452,18.270129032258065,21.512903225806458,21.80645161290322,20.064516129032263,,
2026-08-25 00:00:00,2026-09-01,7.0,1.2,15.4,8.638709677419357,10.094451612903224,2.9,15.4,9.632258064516128,8.366924731182795,3.7,13.7,6.464516129032257,5.731032258064517,13.022580645161293,13.4258064516129,13.11290322580645,,
2026-08-26 00:00:00,2026-09-02,7.0,2.5,15.5,9.85161290322581,10.34991397849462,5.4,15.2,10.68709677419355,6.845827956989246,3.4,14.9,6.796774193548385,6.874989247311828,15.11935483870968,14.354838709677418,13.312903225806451,,
2026-08-28 00:00:00,2026-09-04,7.0,2.6,18.2,12.25806451612903,13.135182795698926,4.8,21.7,12.493548387096777,13.05395698924731,4.3,15.0,8.5,9.110666666666669,20.75806451612903,19.24838709677419,17.58709677419355,,
2026-08-29 00:00:00,2026-09-05,7.0,3.5,24.9,13.238709677419354,23.84111827956989,3.7,25.3,13.716129032258063,19.343397849462367,4.0,19.1,8.932258064516128,12.44425806451613,20.98064516129032,21.49354838709677,18.05806451612903,,
2026-08-30 00:00:00,2026-09-06,7.0,2.6,12.4,7.058064516129033,5.6338494623655935,3.4,12.8,7.267741935483872,6.053591397849463,3.4,9.2,6.267741935483872,2.644924731182796,11.10967741935484,11.051612903225807,14.13548387096774,,
2026-08-31 00:00:00,2026-09-07,7.0,1.8,16.1,8.09032258064516,10.76356989247312,2.6,17.0,9.041935483870963,11.52518279569892,3.6,13.7,6.735483870967743,5.221032258064516,13.996774193548386,13.548387096774196,13.696774193548386,,
2026-09-01 00:00:00,2026-09-08,7.0,2.6,16.7,10.203225806451616,9.74898924731183,3.1,19.6,11.406451612903222,12.289956989247314,3.1,19.4,8.319354838709677,16.81494623655914,16.43870967741936,17.754838709677415,16.712903225806453,,
2026-09-02 00:00:00,2026-09-09,7.0,5.3,16.5,12.132258064516131,8.94825806451613,5.4,16.7,12.406451612903224,10.543290322580646,4.0,16.8,8.845161290322583,9.570559139784946,18.88064516129032,18.370967741935484,17.45483870967742,,
2026-09-03 00:00:00,2026-09-10,7.0,4.4,19.0,11.025806451612905,7.058645161290324,5.1,15.0,11.216129032258063,6.174064516129033,4.1,16.4,8.561290322580646,10.37711827956989,18.945161290322584,18.087096774193547,17.67096774193548,,
2026-09-04 00:00:00,2026-09-11,7.0,2.8,17.1,9.058064516129033,12.221182795698926,2.9,17.3,9.916129032258066,10.198064516129032,2.2,11.9,6.703225806451615,6.294322580645162,15.699999999999998,15.26451612903226,13.80322580645161,,
2026-09-05 00:00:00,2026-09-12,7.0,3.8,16.4,10.103225806451617,15.333655913978497,4.3,18.8,10.645161290322582,11.38189247311828,3.9,20.3,7.4548387096774205,10.351225806451614,16.919354838709673,15.641935483870965,14.916129032258064,,
2026-09-06 00:00:00,2026-09-13,7.0,2.5,20.1,8.651612903225805,15.125247311827955,2.9,16.5,9.022580645161286,8.388473118279569,3.0,12.6,5.961290322580647,3.9517849462365584,14.39032258064516,13.532258064516126,12.47096774193548,,
2026-09-07 00:00:00,2026-09-14,7.0,3.0,11.1,7.158064516129032,5.343849462365592,4.0,12.6,8.112903225806452,4.550494623655914,3.1,12.4,6.303225806451613,4.833655913978494,11.59032258064516,11.993548387096771,13.538709677419352,,
2026-09-08 00:00:00,2026-09-15,7.0,1.2,14.6,7.396774193548389,13.14365591397849,2.9,15.7,8.545161290322582,11.985225806451616,2.1,12.6,6.406451612903226,7.249290322580646,11.993548387096777,12.332258064516129,11.980645161290322,,
2026-09-09 00:00:00,2026-09-16,7.0,2.2,15.4,8.835483870967742,8.870365591397848,5.4,14.6,9.82258064516129,6.285139784946236,4.4,11.4,7.361290322580645,4.435118279569892,13.83548387096774,14.012903225806454,14.077419354838709,,
2026-09-10 00:00:00,2026-09-17,7.0,2.4,15.4,7.729032258064515,10.102129032258064,2.5,15.9,8.551612903225806,8.229247311827956,3.0,14.4,6.225806451612904,7.982645161290324,12.583870967741934,12.361290322580642,12.412903225806454,,
2026-09-11 00:00:00,2026-09-18,7.0,4.1,16.8,10.012903225806452,10.79116129032258,4.7,17.3,10.61290322580645,8.903161290322581,2.8,16.3,7.916129032258065,10.4527311827957,15.722580645161289,15.677419354838708,16.374193548387094,,
2026-09-12 00:00:00,2026-09-19,7.0,1.4,16.6,10.822580645161288,12.755139784946236,2.6,17.6,11.287096774193548,12.74916129032258,3.1,14.3,7.264516129032257,8.548365591397848,18.27741935483871,17.99677419354839,16.048387096774192,,
2026-09-13 00:00:00,2026-09-20,7.0,2.3,15.5,7.964516129032258,9.349698924731182,4.0,15.2,8.441935483870969,8.274516129032259,3.3,12.6,5.977419354838708,3.641139784946236,13.083870967741936,12.193548387096772,12.474193548387094,,
2026-09-14 00:00:00,2026-09-21,7.0,1.8,16.7,7.335483870967742,11.240365591397849,2.0,16.9,7.94516129032258,9.95322580645161,2.5,11.2,5.616129032258065,3.951397849462366,11.65483870967742,11.335483870967742,11.4,,
2026-09-15 00:00:00,2026-09-22,7.0,2.2,10.3,5.2129032258064525,4.676494623655914,3.7,10.2,6.238709677419355,3.255784946236559,2.3,8.1,4.699999999999999,1.6073333333333333,8.406451612903224,9.158064516129034,9.074193548387091,,
2026-09-16 00:00:00,2026-09-23,7.0,2.0,10.2,4.848387096774194,4.64658064516129,2.7,11.6,6.522580645161291,5.093806451612903,2.3,11.7,5.816129032258065,4.038731182795699,7.703225806451614,9.951612903225806,11.341935483870966,,
2026-09-17 00:00:00,2026-09-24,7.0,2.8,13.6,7.00967741935484,7.14890322580645,3.2,13.5,7.954838709677421,6.11789247311828,2.7,12.1,5.970967741935484,4.080129032258063,11.938709677419354,11.770967741935484,11.92258064516129,,
2026-09-18 00:00:00,2026-09-25,7.0,1.7,15.1,5.890322580645161,7.55690322580645,2.3,15.9,6.251612903225805,7.97658064516129,2.6,10.9,5.4967741935483865,3.779655913978495,10.132258064516128,9.887096774193546,10.964516129032257,,
2026-09-19 00:00:00,2026-09-26,7.0,2.6,8.9,5.177419354838711,3.0478064516129035,2.1,9.1,5.790322580645159,2.936903225806452,3.3,7.6,5.1903225806451605,1.030903225806452,8.435483870967742,9.083870967741936,10.103225806451611,,
2026-09-20 00:00:00,2026-09-27,7.0,1.8,13.3,6.56774193548387,7.419591397849463,3.9,13.3,7.5451612903225795,7.12789247311828,2.1,10.2,5.490322580645162,2.6289032258064515,10.416129032258064,11.635483870967745,11.751612903225809,,
2026-09-21 00:00:00,2026-09-28,7.0,2.8,14.1,6.7225806451612895,6.649806451612903,3.2,16.6,7.487096774193549,7.272494623655915,3.0,11.5,5.703225806451612,3.7163225806451616,11.796774193548387,11.525806451612905,11.987096774193548,,
2026-09-29 00:00:00,,,,,,,,,,,,,,,,,,7.525490196078433,13.984313725490193
2026-09-29 01:00:00,,,,,,,,,,,,,,,,,,7.5843137254901976,14.05686274509804
2026-09-29 02:00:00,,,,,,,,,,,,,,,,,,7.605882352941176,13.986274509803923
2026-09-29 03:00:00,,,,,,,,,,,,,,,,,,7.550980392156862,13.831372549019614
2026-09-29 04:00:00,,,,,,,,,,,,,,,,,,7.40392156862745,13.601960784313722
2026-09-29 05:00:00,,,,,,,,,,,,,,,,,,7.184313725490195,13.274509803921566
2026-09-29 06:00:00,,,,,,,,,,,,,,,,,,6.845098039215686,12.831372549019607
2026-09-29 07:00:00,,,,,,,,,,,,,,,,,,6.133333333333331,12.184313725490197
2026-09-29 08:00:00,,,,,,,,,,,,,,,,,,5.233333333333332,11.413725490196077
2026-09-29 09:00:00,,,,,,,,,,,,,,,,,,4.633333333333333,11.001960784313725
2026-09-29 10:00:00,,,,,,,,,,,,,,,,,,4.527450980392157,11.20980392156863
2026-09-29 11:00:00,,,,,,,,,,,,,,,,,,4.754901960784313,11.715686274509807
2026-09-29 12:00:00,,,,,,,,,,,,,,,,,,5.0392156862745106,12.1921568627451
2026-09-29 13:00:00,,,,,,,,,,,,,,,,,,5.2176470588235295,12.492156862745098
2026-09-29 14:00:00,,,,,,,,,,,,,,,,,,5.3686274509803935,12.733333333333334
2026-09-29 15:00:00,,,,,,,,,,,,,,,,,,5.550980392156862,12.741176470588236
2026-09-29 16:00:00,,,,,,,,,,,,,,,,,,5.790196078431371,12.34117647058823
2026-09-29 17:00:00,,,,,,,,,,,,,,,,,,6.092156862745097,11.762745098039218
2026-09-29 18:00:00,,,,,,,,,,,,,,,,,,6.345098039215687,11.445098039215685
2026-09-29 19:00:00,,,,,,,,,,,,,,,,,,6.464705882352942,11.7078431372549
2026-09-29 20:00:00,,,,,,,,,,,,,,,,,,6.692156862745098,12.249019607843138
2026-09-29 21:00:00,,,,,,,,,,,,,,,,,,7.0254901960784295,12.770588235294113
2026-09-29 22:00:00,,,,,,,,,,,,,,,,,,7.229411764705882,13.156862745098042
2026-09-29 23:00:00,,,,,,,,,,,,,,,,,,7.386274509803923,13.505882352941178
2026-09-30 00:00:00,,,,,,,,,,,,,,,,,,7.527450980392155,13.784313725490199
2026-09-30 01:00:00,,,,,,,,,,,,,,,,,,7.613725490196081,13.925490196078432
2026-09-30 02:00:00,,,,,,,,,,,,,,,,,,7.652941176470586,13.9921568627451
2026-09-30 03:00:00,,,,,,,,,,,,,,,,,,7.717647058823527,14.101960784313723
2026-09-30 04:00:00,,,,,,,,,,,,,,,,,,7.911764705882353,14.364705882352943
2026-09-30 05:00:00,,,,,,,,,,,,,,,,,,8.131372549019607,14.698039215686276
2026-09-30 06:00:00,,,,,,,,,,,,,,,,,,8.201960784313723,15.033333333333331
2026-09-30 07:00:00,,,,,,,,,,,,,,,,,,8.001960784313725,15.411764705882357
2026-09-30 08:00:00,,,,,,,,,,,,,,,,,,7.662745098039216,15.813725490196083
2026-09-30 09:00:00,,,,,,,,,,,,,,,,,,7.3568627450980415,16.04313725490196
2026-09-30 10:00:00,,,,,,,,,,,,,,,,,,7.211764705882352,16.0921568627451
2026-09-30 11:00:00,,,,,,,,,,,,,,,,,,7.137254901960785,15.923529411764704
2026-09-30 12:00:00,,,,,,,,,,,,,,,,,,6.9529411764705875,15.403921568627448
2026-09-30 13:00:00,,,,,,,,,,,,,,,,,,6.445098039215684,14.23725490196078
2026-09-30 14:00:00,,,,,,,,,,,,,,,,,,5.82156862745098,12.682352941176472
2026-09-30 15:00:00,,,,,,,,,,,,,,,,,,5.176470588235294,11.184313725490197
2026-09-30 16:00:00,,,,,,,,,,,,,,,,,,4.52156862745098,9.784313725490197
2026-09-30 17:00:00,,,,,,,,,,,,,,,,,,4.121568627450981,8.462745098039214
2026-09-30 18:00:00,,,,,,,,,,,,,,,,,,3.9745098039215696,7.601960784313723
2026-09-30 19:00:00,,,,,,,,,,,,,,,,,,3.752941176470589,7.466666666666666
2026-09-30 20:00:00,,,,,,,,,,,,,,,,,,3.843137254901962,7.792156862745098
2026-09-30 21:00:00,,,,,,,,,,,,,,,,,,4.131372549019607,8.109803921568629
2026-09-30 22:00:00,,,,,,,,,,,,,,,,,,4.115686274509803,8.315686274509806
2026-09-30 23:00:00,,,,,,,,,,,,,,,,,,4.137254901960783,8.531372549019608
2026-10-01 00:00:00,,,,,,,,,,,,,,,,,,4.26078431372549,8.690196078431375
2026-10-01 01:00:00,,,,,,,,,,,,,,,,,,4.186274509803921,8.684313725490195
2026-10-01 02:00:00,,,,,,,,,,,,,,,,,,4.196078431372549,8.607843137254902
2026-10-01 03:00:00,,,,,,,,,,,,,,,,,,4.233333333333332,8.51764705882353
2026-10-01 04:00:00,,,,,,,,,,,,,,,,,,4.107843137254902,8.366666666666665
2026-10-01 05:00:00,,,,,,,,,,,,,,,,,,4.066666666666666,8.186274509803921
2026-10-01 06:00:00,,,,,,,,,,,,,,,,,,4.229411764705882,8.329411764705883
2026-10-01 07:00:00,,,,,,,,,,,,,,,,,,4.2823529411764705,8.980392156862745
2026-10-01 08:00:00,,,,,,,,,,,,,,,,,,4.615686274509804,9.917647058823526
2026-10-01 09:00:00,,,,,,,,,,,,,,,,,,4.970588235294118,10.87254901960784
2026-10-01 10:00:00,,,,,,,,,,,,,,,,,,5.184313725490195,11.841176470588234
2026-10-01 11:00:00,,,,,,,,,,,,,,,,,,5.505882352941178,12.800000000000004
2026-10-01 12:00:00,,,,,,,,,,,,,,,,,,5.827450980392157,13.433333333333335
2026-10-01 13:00:00,,,,,,,,,,,,,,,,,,5.931372549019606,13.666666666666664
2026-10-01 14:00:00,,,,,,,,,,,,,,,,,,5.886274509803923,13.552941176470592
2026-10-01 15:00:00,,,,,,,,,,,,,,,,,,5.664705882352941,12.901960784313726
2026-10-01 16:00:00,,,,,,,,,,,,,,,,,,5.01764705882353,11.331372549019607
2026-10-01 17:00:00,,,,,,,,,,,,,,,,,,4.1725490196078425,9.215686274509803
2026-10-01 18:00:00,,,,,,,,,,,,,,,,,,3.5686274509803932,7.533333333333332
2026-10-01 19:00:00,,,,,,,,,,,,,,,,,,3.2960784313725484,6.666666666666667
2026-10-01 20:00:00,,,,,,,,,,,,,,,,,,3.1882352941176464,6.2078431372549
2026-10-01 21:00:00,,,,,,,,,,,,,,,,,,3.123529411764705,5.9039215686274495
2026-10-01 22:00:00,,,,,,,,,,,,,,,,,,3.025490196078431,5.705882352941176
2026-10-01 23:00:00,,,,,,,,,,,,,,,,,,2.9549019607843148,5.639215686274511
2026-10-02 00:00:00,,,,,,,,,,,,,,,,,,2.93921568627451,5.566666666666666
2026-10-02 01:00:00,,,,,,,,,,,,,,,,,,2.843137254901961,5.431372549019606
2026-10-02 02:00:00,,,,,,,,,,,,,,,,,,2.7352941176470593,5.276470588235295
2026-10-02 03:00:00,,,,,,,,,,,,,,,,,,2.6529411764705886,5.188235294117646
2026-10-02 04:00:00,,,,,,,,,,,,,,,,,,2.613725490196078,5.139215686274509
2026-10-02 05:00:00,,,,,,,,,,,,,,,,,,2.698039215686274,5.158823529411765
2026-10-02 06:00:00,,,,,,,,,,,,,,,,,,2.8392156862745113,5.480392156862746
2026-10-02 07:00:00,,,,,,,,,,,,,,,,,,2.8764705882352946,6.252941176470588
2026-10-02 08:00:00,,,,,,,,,,,,,,,,,,2.8725490196078427,7.284313725490195
2026-10-02 09:00:00,,,,,,,,,,,,,,,,,,2.909803921568627,8.233333333333333
2026-10-02 10:00:00,,,,,,,,,,,,,,,,,,3.017647058823529,8.909803921568626
2026-10-02 11:00:00,,,,,,,,,,,,,,,,,,3.2882352941176474,9.449019607843137
2026-10-02 12:00:00,,,,,,,,,,,,,,,,,,3.4627450980392163,10.099999999999998
2026-10-02 13:00:00,,,,,,,,,,,,,,,,,,3.333333333333334,11.02156862745098
2026-10-02 14:00:00,,,,,,,,,,,,,,,,,,3.1,12.02941176470588
2026-10-02 15:00:00,,,,,,,,,,,,,,,,,,2.8117647058823523,12.547058823529412
2026-10-02 16:00:00,,,,,,,,,,,,,,,,,,2.398039215686275,12.241176470588233
2026-10-02 17:00:00,,,,,,,,,,,,,,,,,,1.9686274509803916,11.462745098039216
2026-10-02 18:00:00,,,,,,,,,,,,,,,,,,1.7980392156862748,10.735294117647054
2026-10-02 19:00:00,,,,,,,,,,,,,,,,,,1.7470588235294116,10.280392156862746
2026-10-02 20:00:00,,,,,,,,,,,,,,,,,,1.892156862745098,9.933333333333334
2026-10-02 21:00:00,,,,,,,,,,,,,,,,,,2.105882352941177,9.42941176470588
2026-10-02 22:00:00,,,,,,,,,,,,,,,,,,2.213725490196078,8.617647058823529
2026-10-02 23:00:00,,,,,,,,,,,,,,,,,,2.272549019607843,7.698039215686272
2026-10-03 00:00:00,,,,,,,,,,,,,,,,,,2.3549019607843142,7.0470588235294125
2026-10-03 01:00:00,,,,,,,,,,,,,,,,,,2.437254901960785,6.86862745098039
2026-10-03 02:00:00,,,,,,,,,,,,,,,,,,2.466666666666667,6.923529411764705
2026-10-03 03:00:00,,,,,,,,,,,,,,,,,,2.511764705882353,6.901960784313722
2026-10-03 04:00:00,,,,,,,,,,,,,,,,,,2.5235294117647062,6.482352941176469
2026-10-03 05:00:00,,,,,,,,,,,,,,,,,,2.5254901960784317,5.999999999999999
2026-10-03 06:00:00,,,,,,,,,,,,,,,,,,2.452941176470588,5.998039215686275
2026-10-03 07:00:00,,,,,,,,,,,,,,,,,,2.3156862745098046,6.966666666666663
2026-10-03 08:00:00,,,,,,,,,,,,,,,,,,2.141176470588235,8.449019607843134
2026-10-03 09:00:00,,,,,,,,,,,,,,,,,,2.0215686274509808,9.66078431372549
2026-10-03 10:00:00,,,,,,,,,,,,,,,,,,2.123529411764706,10.27450980392157
2026-10-03 11:00:00,,,,,,,,,,,,,,,,,,2.452941176470588,10.641176470588237
2026-10-03 12:00:00,,,,,,,,,,,,,,,,,,2.7411764705882344,10.978431372549016
2026-10-03 13:00:00,,,,,,,,,,,,,,,,,,2.886274509803922,11.480392156862743
2026-10-03 14:00:00,,,,,,,,,,,,,,,,,,3.0725490196078433,11.92156862745098
2026-10-03 15:00:00,,,,,,,,,,,,,,,,,,3.2784313725490195,12.149019607843135
2026-10-03 16:00:00,,,,,,,,,,,,,,,,,,3.2411764705882353,11.958823529411765
2026-10-03 17:00:00,,,,,,,,,,,,,,,,,,3.0745098039215684,11.53921568627451
2026-10-03 18:00:00,,,,,,,,,,,,,,,,,,2.9372549019607845,11.145098039215686
2026-10-03 19:00:00,,,,,,,,,,,,,,,,,,2.7411764705882353,10.9078431372549
2026-10-03 20:00:00,,,,,,,,,,,,,,,,,,2.5705882352941174,10.707843137254898
2026-10-03 21:00:00,,,,,,,,,,,,,,,,,,2.5,10.413725490196079
2026-10-03 22:00:00,,,,,,,,,,,,,,,,,,2.409803921568627,9.921568627450979
2026-10-03 23:00:00,,,,,,,,,,,,,,,,,,2.3568627450980384,9.331372549019607
2026-10-04 00:00:00,,,,,,,,,,,,,,,,,,2.3588235294117648,8.839215686274505
2026-10-04 01:00:00,,,,,,,,,,,,,,,,,,2.3176470588235296,8.601960784313723
2026-10-04 02:00:00,,,,,,,,,,,,,,,,,,2.3156862745098046,8.46470588235294
2026-10-04 03:00:00,,,,,,,,,,,,,,,,,,2.3411764705882345,8.35686274509804
2026-10-04 04:00:00,,,,,,,,,,,,,,,,,,2.233333333333334,8.127450980392156
2026-10-04 05:00:00,,,,,,,,,,,,,,,,,,2.229411764705882,7.954901960784314
2026-10-04 06:00:00,,,,,,,,,,,,,,,,,,2.29607843137255,8.111764705882354
2026-10-04 07:00:00,,,,,,,,,,,,,,,,,,2.398039215686275,8.90588235294118
2026-10-04 08:00:00,,,,,,,,,,,,,,,,,,2.7274509803921574,10.06862745098039
2026-10-04 09:00:00,,,,,,,,,,,,,,,,,,3.06078431372549,11.152941176470586
2026-10-04 10:00:00,,,,,,,,,,,,,,,,,,3.225490196078432,12.052941176470584
2026-10-04 11:00:00,,,,,,,,,,,,,,,,,,3.4450980392156856,12.864705882352943
2026-10-04 12:00:00,,,,,,,,,,,,,,,,,,3.731372549019609,13.529411764705882
2026-10-04 13:00:00,,,,,,,,,,,,,,,,,,4.023529411764705,14.094117647058827
2026-10-04 14:00:00,,,,,,,,,,,,,,,,,,4.366666666666667,14.478431372549021
2026-10-04 15:00:00,,,,,,,,,,,,,,,,,,4.527450980392157,14.44117647058823
2026-10-04 16:00:00,,,,,,,,,,,,,,,,,,4.301960784313726,13.650980392156866
2026-10-04 17:00:00,,,,,,,,,,,,,,,,,,3.8803921568627446,12.398039215686278
2026-10-04 18:00:00,,,,,,,,,,,,,,,,,,3.3999999999999995,11.517647058823531
2026-10-04 19:00:00,,,,,,,,,,,,,,,,,,2.894117647058823,11.472549019607841
2026-10-04 20:00:00,,,,,,,,,,,,,,,,,,3.001960784313726,11.76078431372549
2026-10-04 21:00:00,,,,,,,,,,,,,,,,,,3.572549019607843,11.670588235294119
2026-10-04 22:00:00,,,,,,,,,,,,,,,,,,3.727450980392157,10.733333333333334
2026-10-04 23:00:00,,,,,,,,,,,,,,,,,,3.6039215686274497,9.433333333333335
2026-10-05 00:00:00,,,,,,,,,,,,,,,,,,3.4980392156862745,8.413725490196077
2026-10-05 01:00:00,,,,,,,,,,,,,,,,,,3.4627450980392145,7.915686274509803
2026-10-05 02:00:00,,,,,,,,,,,,,,,,,,3.4549019607843148,7.694117647058825
2026-10-05 03:00:00,,,,,,,,,,,,,,,,,,3.4254901960784316,7.609803921568625
2026-10-05 04:00:00,,,,,,,,,,,,,,,,,,3.4137254901960787,7.519607843137254
2026-10-05 05:00:00,,,,,,,,,,,,,,,,,,3.4215686274509802,7.5254901960784295
2026-10-05 06:00:00,,,,,,,,,,,,,,,,,,3.505882352941178,7.778431372549016
2026-10-05 07:00:00,,,,,,,,,,,,,,,,,,3.6117647058823534,8.425490196078432
2026-10-05 08:00:00,,,,,,,,,,,,,,,,,,3.8333333333333326,9.30392156862745
2026-10-05 09:00:00,,,,,,,,,,,,,,,,,,4.031372549019608,10.2
2026-10-05 10:00:00,,,,,,,,,,,,,,,,,,4.229411764705882,11.088235294117647
2026-10-05 11:00:00,,,,,,,,,,,,,,,,,,4.478431372549019,12.0078431372549
2026-10-05 12:00:00,,,,,,,,,,,,,,,,,,4.621568627450981,12.701960784313727
2026-10-05 13:00:00,,,,,,,,,,,,,,,,,,4.619607843137254,13.078431372549021
2026-10-05 14:00:00,,,,,,,,,,,,,,,,,,4.533333333333333,13.243137254901965
2026-10-05 15:00:00,,,,,,,,,,,,,,,,,,4.47843137254902,13.298039215686275
2026-10-05 16:00:00,,,,,,,,,,,,,,,,,,4.413725490196079,13.266666666666667
2026-10-05 17:00:00,,,,,,,,,,,,,,,,,,4.335294117647061,13.129411764705885
2026-10-05 18:00:00,,,,,,,,,,,,,,,,,,4.276470588235295,12.860784313725487
2026-10-05 19:00:00,,,,,,,,,,,,,,,,,,4.207843137254903,12.40392156862745
2026-10-05 20:00:00,,,,,,,,,,,,,,,,,,4.115686274509804,11.831372549019605
2026-10-05 21:00:00,,,,,,,,,,,,,,,,,,4.082352941176471,11.235294117647056
2026-10-05 22:00:00,,,,,,,,,,,,,,,,,,4.098039215686274,10.643137254901962
2026-10-05 23:00:00,,,,,,,,,,,,,,,,,,4.133333333333334,10.056862745098039
2026-10-06 00:00:00,,,,,,,,,,,,,,,,,,4.196078431372549,9.594117647058825
2026-10-06 01:00:00,,,,,,,,,,,,,,,,,,4.219607843137254,9.325490196078428
2026-10-06 02:00:00,,,,,,,,,,,,,,,,,,4.233333333333334,9.164705882352944
2026-10-06 03:00:00,,,,,,,,,,,,,,,,,,4.280392156862745,9.158823529411764
2026-10-06 04:00:00,,,,,,,,,,,,,,,,,,4.350980392156863,9.21764705882353
2026-10-06 05:00:00,,,,,,,,,,,,,,,,,,4.407843137254903,9.394117647058826
2026-10-06 06:00:00,,,,,,,,,,,,,,,,,,4.531372549019609,9.770588235294115
2026-10-06 07:00:00,,,,,,,,,,,,,,,,,,4.688235294117649,10.494117647058822
2026-10-06 08:00:00,,,,,,,,,,,,,,,,,,4.974509803921569,11.413725490196077
2026-10-06 09:00:00,,,,,,,,,,,,,,,,,,5.245098039215686,12.360784313725489
2026-10-06 10:00:00,,,,,,,,,,,,,,,,,,5.537254901960782,13.31764705882353
2026-10-06 11:00:00,,,,,,,,,,,,,,,,,,5.845098039215688,14.25490196078431
2026-10-06 12:00:00,,,,,,,,,,,,,,,,,,6.013725490196078,14.994117647058827
2026-10-06 13:00:00,,,,,,,,,,,,,,,,,,5.91764705882353,15.409803921568624
2026-10-06 14:00:00,,,,,,,,,,,,,,,,,,5.756862745098038,15.621568627450976
2026-10-06 15:00:00,,,,,,,,,,,,,,,,,,5.594117647058822,15.709803921568628
2026-10-06 16:00:00,,,,,,,,,,,,,,,,,,5.458823529411767,15.707843137254903
2026-10-06 17:00:00,,,,,,,,,,,,,,,,,,5.3196078431372555,15.59607843137255
2026-10-06 18:00:00,,,,,,,,,,,,,,,,,,5.198039215686274,15.337254901960787
2026-10-06 19:00:00,,,,,,,,,,,,,,,,,,5.04705882352941,14.8686274509804
2026-10-06 20:00:00,,,,,,,,,,,,,,,,,,4.913725490196078,14.25294117647058
2026-10-06 21:00:00,,,,,,,,,,,,,,,,,,4.8431372549019605,13.609803921568625
2026-10-06 22:00:00,,,,,,,,,,,,,,,,,,4.8196078431372555,12.96470588235294
2026-10-06 23:00:00,,,,,,,,,,,,,,,,,,4.87843137254902,12.3078431372549
