init_date,forecast_date,lead_time_days,morning_dir_low,morning_dir_high,morning_dir_mean,morning_dir_var,afternoon_dir_low,afternoon_dir_high,afternoon_dir_mean,afternoon_dir_var,evening_dir_low,evening_dir_high,evening_dir_mean,evening_dir_var,wind_slot_dir_mean,wind_slot_dir_var
2026-07-13 00:00:00,2026-07-20,7.0,0.3337698640576969,359.6524619234656,245.17289647037077,18188.342783730102,1.1524978975755908,357.1475000474388,265.2645396008178,14424.754837292709,0.6675519564137785,354.67095564516194,167.65060396636017,22856.71317288347,,
2026-07-14 00:00:00,2026-07-21,7.0,0.9990857068928964,357.99857557578446,211.40347875666689,19598.93665427315,0.3322789431634583,358.32077204565155,179.3985106718146,23374.282614260224,3.836487757632381,359.33331258583706,109.12506499530213,16066.318570273655,,
2026-07-15 00:00:00,2026-07-22,7.0,307.89278545541,39.84198473655937,353.8673850959847,0.2752506502385545,305.6083751120154,31.380445267830797,348.4944101899231,0.244312998458182,316.1446355891215,50.31457973823308,3.2296076636772955,0.2865675970552684,,
2026-07-16 00:00:00,2026-07-23,7.0,278.55033999383244,24.13200782614507,331.34117390998875,0.3458802897819695,298.465261061849,4.278245261756638,331.3717531618028,0.1520431596988183,315.32795363167224,31.191047322319832,353.25950047699604,0.1967924369105276,,
2026-07-17 00:00:00,2026-07-24,7.0,232.1195081322455,338.23527653525593,285.1773923337508,0.3486904176112152,255.05119416872105,332.9625813312554,294.0068877499882,0.206368064858583,225.88074818512928,21.909601846947453,303.8951750160384,0.6042565006402916,,
2026-07-18 00:00:00,2026-07-25,7.0,189.537794663436,281.25691093847644,235.3973528009562,0.2740835159518667,240.7466913988665,312.51741092375914,276.6320511613128,0.1781003065788693,214.41889757639228,349.47922646906125,281.9490620227268,0.5007143637197338,,
2026-07-19 00:00:00,2026-07-26,7.0,192.5518008190044,290.0236430075754,241.2877219132899,0.3035519845670326,228.720073815052,300.4772230669695,264.5986484410107,0.1780393494516943,197.56808655371768,305.0061043652399,251.2870954594788,0.3556557238987,,
2026-07-20 00:00:00,2026-07-27,7.0,225.6276382672462,317.2914507408227,271.45954450403445,0.2738031345813173,265.8837713466723,314.83216005444643,290.35796570055936,0.0871930018072765,245.05924240977785,348.09697590590275,296.5781091578403,0.3325273128988777,,
2026-07-21 00:00:00,2026-07-28,7.0,238.6962322364575,303.48113172595686,271.0886819812072,0.1476969150893501,254.9393952786207,312.5509640786949,283.7451796786578,0.1187215906946829,195.1737060176211,332.7102710720541,263.9419885448376,0.5133838055610284,,
2026-07-22 00:00:00,2026-07-29,7.0,157.10282048043263,305.5845909701949,231.34370572531373,0.5680654874229483,249.81378180745477,332.95284669289407,291.3833142501744,0.2314067744568394,303.8023570061193,74.39669396318196,9.099525484650632,0.4776418027142582,,
2026-07-23 00:00:00,2026-07-30,7.0,19.875828670152856,280.5517576887753,150.21379317946406,0.9247860137448796,220.7592526462696,17.576415852562263,299.16783424941593,0.6079553650455549,300.5687644435336,99.13710765154524,19.85293604753944,0.616113937993851,,
2026-07-24 00:00:00,2026-07-31,7.0,17.939080865398296,294.1508508785806,156.04496587198946,0.9452522982564802,249.2891053209636,21.695180505728672,315.49214291334613,0.4870336544017412,315.066467828349,69.40556646903596,12.236017148692476,0.3921330750547919,,
2026-07-25 00:00:00,2026-08-01,7.0,292.1188729082703,136.43589098318247,34.27738194572638,0.7959823307937571,262.5336303689604,24.92961441813361,323.731622393547,0.4347152548904587,301.7560964403307,71.77276713626772,6.764431788299185,0.4746388514433359,,
2026-07-26 00:00:00,2026-08-02,7.0,301.5073761747693,160.61150178982555,51.05943898229743,0.8392582932553831,280.7643783672709,40.98457762170512,340.874477994488,0.423237954926146,316.9025281515296,70.32084706504412,13.611687608286855,0.3872596231196389,,
2026-07-27 00:00:00,2026-08-03,7.0,319.9235279550061,96.7930350378326,28.35828149641933,0.5099803274645325,293.08986487298137,62.352930285659454,357.7213975793204,0.4707155488562028,330.84541751572885,78.43437682930457,24.63989717251672,0.3564515460181885,,
2026-07-28 00:00:00,2026-08-04,7.0,331.9906777876071,111.79069692779731,41.89068735770224,0.5248772481564877,320.03658347623855,77.60864611866899,18.82261479745376,0.4092415478948273,319.4578225959309,90.26623890098406,24.862030748457503,0.4787536764481607,,
2026-07-29 00:00:00,2026-08-05,7.0,335.9446063560007,108.01942162109634,41.98201398854852,0.4853195336224366,313.1141825227446,72.53377267338328,12.82397759806396,0.4190090473984755,322.61489996537136,84.90082440031786,23.757862182844597,0.4341353129173503,,
2026-07-30 00:00:00,2026-08-06,7.0,130.76163790946066,359.02602768475447,244.8938327971076,0.8624815660980167,224.2672616441101,30.464540175149185,307.36590090962966,0.6506741431600209,262.3903196195235,69.73874691798568,346.0645332687546,0.6557441837056,,
2026-07-31 00:00:00,2026-08-07,7.0,19.20033627728843,173.48755538701658,96.3439458321525,0.596028085489573,293.60665280924104,134.6761300930157,34.14139145112837,0.7854944617169571,316.33434201944306,152.73302144676438,54.53368173310373,0.769782253090777,,
2026-08-01 00:00:00,2026-08-08,7.0,284.0015457145374,73.5661214238491,358.78383356919323,0.5733408354463696,293.2618770982109,48.22798507866469,350.7449310884378,0.3954518128004043,307.0255835880541,63.55845165278404,5.292017620419055,0.403743668511822,,
2026-08-02 00:00:00,2026-08-09,7.0,185.99152237282965,23.70747871315996,284.8495005429948,0.7742885279622153,272.19531912845207,10.365906388694384,321.2806127585732,0.3071677931391845,293.4416612570965,46.69325707607163,350.06745916658406,0.3863772680218547,,
2026-08-03 00:00:00,2026-08-10,7.0,231.154901955164,54.02291330294753,322.58890762905577,0.7201013857350067,263.9340026053129,18.135868314355207,321.03493545983406,0.3914067098912499,278.20368180708914,78.29382027445178,358.24875104077046,0.623137305177052,,
2026-08-04 00:00:00,2026-08-11,7.0,319.759618254619,138.2179260583062,48.9887721564626,0.7025942375597063,288.1682785840805,76.2983053807145,2.233291982397533,0.566346153118809,355.36732759188874,92.15311631947016,43.76022195567945,0.3000088153046327,,
2026-08-05 00:00:00,2026-08-12,7.0,47.91997060415007,144.57227591549452,96.2461232598223,0.2993202579059889,348.49608025900784,134.67153307120452,61.58380666510618,0.5567427889408563,357.4619448722959,123.65783039441844,60.55988763335716,0.4546864562508174,,
2026-08-07 00:00:00,2026-08-14,7.0,6.457055680676945,212.551705870796,109.50438077573644,0.8015718675099802,254.4824985522864,42.15805120659928,328.3202748794428,0.5641206124744677,325.3197190753849,71.51754353791304,18.41863130664899,0.3491223309663941,,
2026-08-08 00:00:00,2026-08-15,7.0,297.7306662626371,105.79191537623822,21.761290819437665,0.6588639872396954,293.0011258935875,39.12201529117601,346.06157059238177,0.3487173712834814,326.7584071585576,59.09563455553408,12.927020857045846,0.2772213388405549,,
2026-08-09 00:00:00,2026-08-16,7.0,344.21506525562046,67.00394307788366,25.609504166752068,0.229704375066494,333.3845658718408,51.27072698871122,12.327646430276012,0.2062492895475611,342.9316150987641,63.38257338432005,23.157094241542072,0.2184288374337245,,
2026-08-10 00:00:00,2026-08-17,7.0,306.43960269786913,77.94565722059956,12.192629959234344,0.4823731718672465,306.61898293282513,41.63889033116072,354.12893663199293,0.2909225819562354,320.45575585005,58.44405752093554,9.449906685492788,0.3062238434877312,,
2026-08-11 00:00:00,2026-08-18,7.0,183.50668437866065,353.656716488517,268.5817004335888,0.6679180947182501,234.72328284446132,358.21955644384866,296.471419644155,0.4405088581489481,237.2359985820769,41.14507007910783,319.1905343305924,0.6404810695543315,,
2026-08-12 00:00:00,2026-08-19,7.0,210.43095211942497,302.8736649919516,256.65230855568825,0.2777575753809163,240.06358586150677,311.2978334161964,275.6807096388516,0.175695854023569,217.0507312949617,344.79030230535767,280.9205168001597,0.4627654275368944,,
2026-08-13 00:00:00,2026-08-20,7.0,216.08107979934303,349.30872546340345,282.6949026313732,0.4912786617170628,273.82091884232244,358.9617439054263,316.3913313738744,0.2412021997695285,290.717265490111,35.39810657804617,343.0576860340786,0.3411455932492762,,
2026-08-14 00:00:00,2026-08-21,7.0,243.00874047242425,24.07972249539233,313.5442314839083,0.5312917373827006,283.958579209071,18.28778782872428,331.12318351889763,0.2873826722584571,292.4417740104702,43.71647009315723,348.0791220518137,0.3759181937871562,,
2026-08-15 00:00:00,2026-08-22,7.0,292.93417164530103,132.33711183042718,32.63564173786411,0.7799734221876606,278.3714629233911,81.8217636905963,0.0966133069936996,0.6384192561954078,295.8657382700803,90.17641776845092,13.021078019265618,0.5961394339527709,,
2026-08-16 00:00:00,2026-08-23,7.0,304.9777853269556,97.83938703953083,21.40858618324322,0.5892361537946982,317.80943962366246,61.52079419979348,9.665116911727976,0.33605757125772,335.6967956838241,70.01049373468165,22.853644709252897,0.2873032735343799,,
2026-08-17 00:00:00,2026-08-24,7.0,296.2112326058229,77.60109627318448,6.906164439503676,0.5328964992753271,291.7334182342789,50.56950062438983,351.15145942933435,0.4159253339805573,289.9693243608824,69.8097586732705,359.88954151707645,0.525081667299768,,
2026-08-18 00:00:00,2026-08-25,7.0,44.14533649779273,239.70614532750128,141.925740912647,0.7668853102199847,197.5407004772833,27.09610023464313,292.3184003559632,0.7454251975665206,337.5086020778708,168.24470281635303,72.87665244711192,0.7497406806456087,,
2026-08-19 00:00:00,2026-08-26,7.0,120.7211537638702,223.47900701002104,172.10008038694562,0.3310618228078829,155.26422769772776,258.3324144244657,206.79832106109671,0.3326868163885959,101.29190490644552,261.23809212804656,181.26499851724603,0.6224756319285081,,
2026-08-20 00:00:00,2026-08-27,7.0,143.7027307155891,239.094592021288,191.39866136843852,0.2928322410515961,160.45786673235708,281.04498417043595,220.7514254513965,0.4251751349230589,157.00411459586428,285.9752829547403,221.4896987753023,0.4691942280296733,,
2026-08-21 00:00:00,2026-08-28,7.0,197.42000466863655,253.35911864408504,225.3895616563608,0.1123258153546711,202.50865140397025,262.92485685747783,232.71675413072404,0.1297599504495815,170.96934702262598,261.4978652222282,216.2336061224271,0.2680610574522543,,
2026-08-22 00:00:00,2026-08-29,7.0,209.1713856986112,254.3155873034511,231.7434865010312,0.0746666678230111,216.0284332495296,262.30290525345043,239.16566925149,0.0783001760977131,200.6858530518201,263.1241385469525,231.9049957993863,0.13795290932714,,
2026-08-23 00:00:00,2026-08-30,7.0,197.5346160955768,270.86867050906056,234.2016433023187,0.1851690624581761,218.02494853433507,286.09584829788207,252.06039841610857,0.1617477539547144,206.6663568659717,277.8581498883261,242.26225337714888,0.1755060455085851,,
2026-08-24 00:00:00,2026-08-31,7.0,201.2989765440376,257.7535043017733,229.52624042290543,0.1142816728896957,223.8374865139997,276.1178910465321,249.9776887802659,0.0988414729134093,207.96201231298792,281.55377285517136,244.75789258407963,0.1863429921322862,,
2026-08-25 00:00:00,2026-09-01,7.0,207.98127767145724,308.73054871213816,258.3559131917977,0.3205687153240151,241.4665561889057,307.57479302541543,274.5206746071606,0.1532998403538028,187.18975176646688,320.1398244181805,253.6647880923237,0.4898454687133935,,
2026-08-26 00:00:00,2026-09-02,7.0,210.48349353540863,295.168366470551,252.82593000297985,0.2389616537821158,254.0089849610108,309.0447958711301,281.52689041607044,0.1089310809779858,209.19807570856585,321.0944803806856,265.1462780446257,0.3792065918645749,,
2026-08-28 00:00:00,2026-09-04,7.0,225.5993770746982,281.4288013988189,253.5140892367585,0.1119113340578255,236.78928811861107,289.5481963087222,263.16874221366663,0.1005644819800224,228.26429879387547,285.33320837496035,256.7987535844179,0.1166308064384753,,
2026-08-29 00:00:00,2026-09-05,7.0,228.9048734542732,289.06846886652767,258.9866711604004,0.1287500446595235,228.86921201856543,301.3246987590624,265.0969553888139,0.1811853008937844,220.74543803753792,297.272739303985,259.00908867076146,0.1998821440203623,,
2026-08-30 00:00:00,2026-09-06,7.0,141.41830609191786,254.33321570241915,197.8757608971685,0.3845955065389689,157.76511806014645,286.6298191496396,222.19746860489303,0.4686391080856092,84.19177030519768,223.14794299079492,153.6698566479963,0.5206025552149716,,
2026-08-31 00:00:00,2026-09-07,7.0,115.02032141726356,308.2024939861713,211.61140770171744,0.7585313388051876,196.15406960852005,337.5911083860256,266.8725889972728,0.5331337465298175,180.06053306322804,349.3901474537405,264.72534025848427,0.6643776026156832,,
2026-09-01 00:00:00,2026-09-08,7.0,204.9481647198344,295.5964246439073,250.27229468187085,0.2686654349389727,218.041189856811,303.6223142952558,260.8317520760334,0.2433709366670819,190.80194553614936,295.3997321473769,243.10083884176316,0.3407093930567582,,
2026-09-02 00:00:00,2026-09-09,7.0,229.2610149651597,284.8010558763212,257.0310354207404,0.1108208298440563,234.51173683824257,307.98719578676446,271.2494663125035,0.1858129027617758,216.8682407567697,314.67653756003705,265.77238915840337,0.3052921673863632,,
2026-09-03 00:00:00,2026-09-10,7.0,209.1705077451145,285.2065554923623,247.1885316187384,0.1975955217080184,211.08438765256025,299.07287288887693,255.07863027071855,0.2553139063900492,206.45132763578584,300.0509509270709,253.2511392814284,0.2836525351021516,,
2026-09-04 00:00:00,2026-09-11,7.0,190.9358533723274,305.16808723010416,248.05197030121576,0.3915674461303023,222.65885490682385,329.77512084794256,276.2169878773832,0.3539597783294081,192.13942671629852,346.0783779379923,269.1089023271454,0.594373509436779,,
2026-09-05 00:00:00,2026-09-12,7.0,218.1765274426592,300.78648396956874,259.481505706114,0.2288358919719672,251.3444968799328,318.82754004960753,285.0860184647702,0.1592004424119462,226.4484248585063,7.712583556084496,297.0805042072954,0.5322641175594977,,
2026-09-06 00:00:00,2026-09-13,7.0,183.65598362514987,339.5309865992295,261.5934851121897,0.6035327390102619,233.8860733631706,345.98833575625645,289.9372045597135,0.3802956303462292,214.8073878942976,0.4587185632074693,287.63305322875254,0.5541537207037475,,
2026-09-07 00:00:00,2026-09-14,7.0,167.47240581180574,270.8312474041107,219.1518266079582,0.3342096154922647,215.33763811675328,289.39874694232674,252.36819252954,0.1884872171870035,172.95433757881926,278.85618988742306,225.9052637331212,0.3475646657075883,,
2026-09-08 00:00:00,2026-09-15,7.0,154.49555942574537,277.7507021013559,216.12313076355065,0.4392398553438346,230.2262102830091,329.19535079416346,279.7107805385863,0.3113084557265769,245.2996418142057,18.89890194397725,312.0992718790915,0.4931957730252786,,
2026-09-09 00:00:00,2026-09-16,7.0,260.8555865136245,25.47261667060974,323.1641015921171,0.4464016637293181,281.86583580265994,18.62757942403539,330.24670761334767,0.2998847614858901,288.85367855554,36.851751659910406,342.8527151077252,0.3586092094026606,,
2026-09-10 00:00:00,2026-09-17,7.0,182.5277727994307,337.6804903656118,260.10413158252123,0.6001267845762894,234.0741797147642,343.8853637297967,288.9797717222805,0.3681817449945499,210.046049025108,349.6485144313682,279.8472817282381,0.5238776106317362,,
2026-09-11 00:00:00,2026-09-18,7.0,236.49647114904775,278.2622704660497,257.37937080754875,0.0642632973953727,245.3515587411296,295.4471940178222,270.3993763794759,0.0911338488272457,201.61954920164072,300.1762322035741,250.8978907026074,0.3091686891467844,,
2026-09-12 00:00:00,2026-09-19,7.0,197.7588654808226,263.19773282254346,230.47829915168305,0.1504562314836642,230.13376158326545,275.57783525502265,252.85579841914404,0.0756233030503198,183.20528809321945,292.17928271392327,237.69228540357136,0.3637597944205086,,
2026-09-13 00:00:00,2026-09-20,7.0,219.11597051457247,304.56904819662697,261.84250935559976,0.2427397171659384,254.67339706564604,312.48149404709187,283.57744555636896,0.1194824335852687,206.7436058958193,356.6528386434367,281.698222269628,0.5750143853967861,,
2026-09-14 00:00:00,2026-09-21,7.0,192.85843214363376,314.02807388431734,253.44325301397555,0.4282493132949601,245.90853490382364,341.1708084151272,293.5396716594754,0.2921666586587531,191.7958629504768,14.60732955575662,283.2015962531167,0.7198809259936468,,
2026-09-15 00:00:00,2026-09-22,7.0,228.65150374496704,48.71815934980532,318.6848315473862,0.7090530759242086,285.5781741247648,41.3433190609349,343.46074659284983,0.399680888672583,323.49870142875983,68.81888651013108,16.158793969445455,0.3445052936360196,,
2026-09-16 00:00:00,2026-09-23,7.0,358.89397251206344,223.3363968661581,111.1151846891108,0.853116428898931,312.5103093581339,77.9602636059093,15.235286482021593,0.4507748729376012,330.9895477786011,84.18284486190888,27.586196320254984,0.386068738295826,,
2026-09-17 00:00:00,2026-09-24,7.0,84.69109892439613,2.307312434884466,223.49920567964028,0.946849995143886,242.425838005186,63.36433214927206,332.895085077229,0.7125190731478463,311.46125047041244,103.08159589713472,27.271423183773567,0.5832821561386066,,
2026-09-18 00:00:00,2026-09-25,7.0,79.47322370619517,189.37876130363256,134.42599250491386,0.3686802930444366,48.358484191271785,209.05096683440357,128.70472551283763,0.6258998338855155,51.26432841214192,164.36113057656695,107.81272949435444,0.3855580745178133,,
2026-09-19 00:00:00,2026-09-26,7.0,79.46115414493019,178.97802236100603,129.21958825296812,0.3141534769588113,53.647521187849705,212.1109155707169,132.87921837928332,0.6156272814705138,32.45300153766363,155.6442319789778,94.04861675832072,0.4389034378590374,,
2026-09-20 00:00:00,2026-09-27,7.0,140.24848681703554,251.8162775570668,196.0323821870512,0.3774683384933007,163.7882660893086,302.8149477336338,233.3016069114712,0.5209602072678052,128.3894515422699,294.96441407143305,211.67693280685148,0.652341898663455,,
2026-09-21 00:00:00,2026-09-28,7.0,141.61683469432427,313.4708173947762,227.54382604455023,0.6752057634474664,170.19269521767285,345.0710359136549,257.6318655656639,0.6879190808913416,42.049513849220446,186.86943116612247,114.45947250767146,0.5500349426332123,,
2026-09-29 00:00:00,,,,,,,,,,,,,,,60.18896983797799,0.009052068432571114
2026-09-29 01:00:00,,,,,,,,,,,,,,,65.25815606156675,0.007140877300980342
2026-09-29 02:00:00,,,,,,,,,,,,,,,70.18363533755996,0.006357200993875378
2026-09-29 03:00:00,,,,,,,,,,,,,,,74.84773391773615,0.007275088710358202
2026-09-29 04:00:00,,,,,,,,,,,,,,,79.74300998191848,0.0065922207876486505
2026-09-29 05:00:00,,,,,,,,,,,,,,,85.09202889722019,0.010040878438407619
2026-09-29 06:00:00,,,,,,,,,,,,,,,89.49849756091368,0.015381493241680255
2026-09-29 07:00:00,,,,,,,,,,,,,,,93.15957530561485,0.014602638309762606
2026-09-29 08:00:00,,,,,,,,,,,,,,,96.00544806679278,0.011541033598831851
2026-09-29 09:00:00,,,,,,,,,,,,,,,100.90137780671853,0.014950673406610493
2026-09-29 10:00:00,,,,,,,,,,,,,,,108.13004651723509,0.016834887425699607
2026-09-29 11:00:00,,,,,,,,,,,,,,,115.87293492269407,0.02309075204161337
2026-09-29 12:00:00,,,,,,,,,,,,,,,121.37592998960906,0.026957254970848
2026-09-29 13:00:00,,,,,,,,,,,,,,,124.91989438861208,0.020770631176169174
2026-09-29 14:00:00,,,,,,,,,,,,,,,126.91492299992865,0.016759650510571156
2026-09-29 15:00:00,,,,,,,,,,,,,,,126.56701392978243,0.01387890429768035
2026-09-29 16:00:00,,,,,,,,,,,,,,,123.15574948557128,0.006992968630738616
2026-09-29 17:00:00,,,,,,,,,,,,,,,118.3317449316279,0.0038963769945657978
2026-09-29 18:00:00,,,,,,,,,,,,,,,117.58166578919258,0.004875097742374823
2026-09-29 19:00:00,,,,,,,,,,,,,,,124.28430345219738,0.006003015554218338
2026-09-29 20:00:00,,,,,,,,,,,,,,,134.65106200494813,0.011021359820387766
2026-09-29 21:00:00,,,,,,,,,,,,,,,142.42216484232222,0.013343263275051864
2026-09-29 22:00:00,,,,,,,,,,,,,,,147.24864711575083,0.007518676260754753
2026-09-29 23:00:00,,,,,,,,,,,,,,,150.37342214651693,0.003992869331471249
2026-09-30 00:00:00,,,,,,,,,,,,,,,152.05740434095173,0.003967071951191059
2026-09-30 01:00:00,,,,,,,,,,,,,,,151.9402813376961,0.0028659540828966934
2026-09-30 02:00:00,,,,,,,,,,,,,,,150.86221581976542,0.001945346826402572
2026-09-30 03:00:00,,,,,,,,,,,,,,,150.0395672377365,0.0018378025901197859
2026-09-30 04:00:00,,,,,,,,,,,,,,,150.31388377848054,0.0017097747029305443
2026-09-30 05:00:00,,,,,,,,,,,,,,,150.88192518434698,0.0021579269954662417
2026-09-30 06:00:00,,,,,,,,,,,,,,,151.13692928319023,0.002810062286141446
2026-09-30 07:00:00,,,,,,,,,,,,,,,150.56646054825353,0.003419286621548112
2026-09-30 08:00:00,,,,,,,,,,,,,,,149.52247289415476,0.004846541724468523
2026-09-30 09:00:00,,,,,,,,,,,,,,,149.69765990505107,0.006221905632123881
2026-09-30 10:00:00,,,,,,,,,,,,,,,152.38421511679599,0.005454881121071731
2026-09-30 11:00:00,,,,,,,,,,,,,,,156.32005611621912,0.007899568319900685
2026-09-30 12:00:00,,,,,,,,,,,,,,,159.2144293290188,0.0126007220655322
2026-09-30 13:00:00,,,,,,,,,,,,,,,160.68061887119734,0.01518909000224189
2026-09-30 14:00:00,,,,,,,,,,,,,,,161.73098651016335,0.025208987460554555
2026-09-30 15:00:00,,,,,,,,,,,,,,,163.12450770542125,0.040326212148315776
2026-09-30 16:00:00,,,,,,,,,,,,,,,167.35524067956817,0.06316504468188555
2026-09-30 17:00:00,,,,,,,,,,,,,,,173.14790124265994,0.14462159073728498
2026-09-30 18:00:00,,,,,,,,,,,,,,,175.52991482131984,0.22438344794349507
2026-09-30 19:00:00,,,,,,,,,,,,,,,177.30044355096902,0.16845055515462604
2026-09-30 20:00:00,,,,,,,,,,,,,,,179.01461272114364,0.1461267551372537
2026-09-30 21:00:00,,,,,,,,,,,,,,,177.1897846556035,0.1822501478254509
2026-09-30 22:00:00,,,,,,,,,,,,,,,181.21571487117117,0.1652876105241935
2026-09-30 23:00:00,,,,,,,,,,,,,,,183.12002640697426,0.21060791137356383
2026-10-01 00:00:00,,,,,,,,,,,,,,,187.10539371617557,0.2249543332800148
2026-10-01 01:00:00,,,,,,,,,,,,,,,189.74191446169894,0.21756756985971093
2026-10-01 02:00:00,,,,,,,,,,,,,,,192.30879927414526,0.21879224209132608
2026-10-01 03:00:00,,,,,,,,,,,,,,,197.60895801265198,0.2131482570709894
2026-10-01 04:00:00,,,,,,,,,,,,,,,205.96228867137964,0.20903066956354643
2026-10-01 05:00:00,,,,,,,,,,,,,,,214.5648752957512,0.2214499671785347
2026-10-01 06:00:00,,,,,,,,,,,,,,,225.423937853975,0.25911389817017716
2026-10-01 07:00:00,,,,,,,,,,,,,,,236.41825412007995,0.1485655665086706
2026-10-01 08:00:00,,,,,,,,,,,,,,,244.246069350505,0.12952178722371932
2026-10-01 09:00:00,,,,,,,,,,,,,,,250.11277031355166,0.1260842029194168
2026-10-01 10:00:00,,,,,,,,,,,,,,,257.88861217846176,0.09414225276511212
2026-10-01 11:00:00,,,,,,,,,,,,,,,265.3308270948753,0.08014077836716482
2026-10-01 12:00:00,,,,,,,,,,,,,,,271.4103470386513,0.07079566805745774
2026-10-01 13:00:00,,,,,,,,,,,,,,,276.17322671221166,0.06230405568028019
2026-10-01 14:00:00,,,,,,,,,,,,,,,280.5258503827625,0.05668698342021561
2026-10-01 15:00:00,,,,,,,,,,,,,,,282.60309120989666,0.06019114146149862
2026-10-01 16:00:00,,,,,,,,,,,,,,,282.66680575517273,0.06527431367555203
2026-10-01 17:00:00,,,,,,,,,,,,,,,279.0869685217618,0.08885406000408957
2026-10-01 18:00:00,,,,,,,,,,,,,,,274.41444204273927,0.15209129168547342
2026-10-01 19:00:00,,,,,,,,,,,,,,,270.57396493208415,0.18153822608678993
2026-10-01 20:00:00,,,,,,,,,,,,,,,265.0143289231655,0.186046756216538
2026-10-01 21:00:00,,,,,,,,,,,,,,,258.7510780003487,0.21165394793979508
2026-10-01 22:00:00,,,,,,,,,,,,,,,254.39811083753912,0.24082992846489137
2026-10-01 23:00:00,,,,,,,,,,,,,,,250.08834730520937,0.27797433685689166
2026-10-02 00:00:00,,,,,,,,,,,,,,,244.49588470353007,0.3163773307682113
2026-10-02 01:00:00,,,,,,,,,,,,,,,238.8936009343828,0.31541753677979967
2026-10-02 02:00:00,,,,,,,,,,,,,,,233.34685106321405,0.34288805621000573
2026-10-02 03:00:00,,,,,,,,,,,,,,,227.97857329590596,0.3847422385410951
2026-10-02 04:00:00,,,,,,,,,,,,,,,215.38981748929118,0.433499012996011
2026-10-02 05:00:00,,,,,,,,,,,,,,,207.00712961858792,0.41469132470942816
2026-10-02 06:00:00,,,,,,,,,,,,,,,199.42580051282076,0.41479536812085893
2026-10-02 07:00:00,,,,,,,,,,,,,,,195.02129297012385,0.4266127283937111
2026-10-02 08:00:00,,,,,,,,,,,,,,,193.8215788149052,0.46005512931609005
2026-10-02 09:00:00,,,,,,,,,,,,,,,196.41784153070535,0.4838251901900458
2026-10-02 10:00:00,,,,,,,,,,,,,,,206.80019748976162,0.49217765413821046
2026-10-02 11:00:00,,,,,,,,,,,,,,,220.04937972960084,0.5176966414513176
2026-10-02 12:00:00,,,,,,,,,,,,,,,225.68340609734744,0.5552395626744684
2026-10-02 13:00:00,,,,,,,,,,,,,,,225.56845942335357,0.6234275791264139
2026-10-02 14:00:00,,,,,,,,,,,,,,,221.9605463431135,0.707971728572874
2026-10-02 15:00:00,,,,,,,,,,,,,,,219.52082727912554,0.8227024750502149
2026-10-02 16:00:00,,,,,,,,,,,,,,,247.29090292663,0.9168891726540958
2026-10-02 17:00:00,,,,,,,,,,,,,,,319.3505151680775,0.7821158247070774
2026-10-02 18:00:00,,,,,,,,,,,,,,,346.2152823385456,0.6840753733230882
2026-10-02 19:00:00,,,,,,,,,,,,,,,27.460111498951164,0.7310506866214053
2026-10-02 20:00:00,,,,,,,,,,,,,,,70.87296696329992,0.6049238017720409
2026-10-02 21:00:00,,,,,,,,,,,,,,,91.9041104292125,0.5024987136542972
2026-10-02 22:00:00,,,,,,,,,,,,,,,105.44774662104999,0.42312181239087365
2026-10-02 23:00:00,,,,,,,,,,,,,,,114.90442120078859,0.3866385094484671
2026-10-03 00:00:00,,,,,,,,,,,,,,,120.68607607662676,0.37389216847143714
2026-10-03 01:00:00,,,,,,,,,,,,,,,123.34727936346394,0.3727360678740993
2026-10-03 02:00:00,,,,,,,,,,,,,,,126.23834161128406,0.3789872290070595
2026-10-03 03:00:00,,,,,,,,,,,,,,,128.69964488985852,0.40021413393817906
2026-10-03 04:00:00,,,,,,,,,,,,,,,129.23833861281878,0.4085883522741399
2026-10-03 05:00:00,,,,,,,,,,,,,,,125.92493275849677,0.42692918848045036
2026-10-03 06:00:00,,,,,,,,,,,,,,,125.20059328574717,0.4668465619154609
2026-10-03 07:00:00,,,,,,,,,,,,,,,127.98129455270902,0.5195675613214619
2026-10-03 08:00:00,,,,,,,,,,,,,,,126.01385830013271,0.5398959452522076
2026-10-03 09:00:00,,,,,,,,,,,,,,,129.17809092755743,0.6645035101717933
2026-10-03 10:00:00,,,,,,,,,,,,,,,142.99875853404615,0.7687970238599624
2026-10-03 11:00:00,,,,,,,,,,,,,,,178.18407554690748,0.8946271694199586
2026-10-03 12:00:00,,,,,,,,,,,,,,,266.23885965715095,0.8905444209387563
2026-10-03 13:00:00,,,,,,,,,,,,,,,314.6314054426014,0.7596439368992632
2026-10-03 14:00:00,,,,,,,,,,,,,,,323.6303761296751,0.539154108875338
2026-10-03 15:00:00,,,,,,,,,,,,,,,332.00284039237016,0.4178490314935306
2026-10-03 16:00:00,,,,,,,,,,,,,,,333.8848749540507,0.3680754613152276
2026-10-03 17:00:00,,,,,,,,,,,,,,,336.4500449789151,0.3087918428592533
2026-10-03 18:00:00,,,,,,,,,,,,,,,339.84670892149194,0.30370867478862207
2026-10-03 19:00:00,,,,,,,,,,,,,,,345.91702721191353,0.3314524274027446
2026-10-03 20:00:00,,,,,,,,,,,,,,,353.76582105422096,0.39465741445514735
2026-10-03 21:00:00,,,,,,,,,,,,,,,2.241098532390822,0.48265619652714464
2026-10-03 22:00:00,,,,,,,,,,,,,,,4.162333222663619,0.5448394205214118
2026-10-03 23:00:00,,,,,,,,,,,,,,,2.0861379692111655,0.5745283969735511
2026-10-04 00:00:00,,,,,,,,,,,,,,,0.2122068934392587,0.5803328656967534
2026-10-04 01:00:00,,,,,,,,,,,,,,,0.5024236255548544,0.567937123426725
2026-10-04 02:00:00,,,,,,,,,,,,,,,356.13647237596854,0.5746020069902558
2026-10-04 03:00:00,,,,,,,,,,,,,,,359.916805506249,0.609918654301468
2026-10-04 04:00:00,,,,,,,,,,,,,,,4.935796234737154,0.6146603300178348
2026-10-04 05:00:00,,,,,,,,,,,,,,,15.182349343009832,0.6394346499249106
2026-10-04 06:00:00,,,,,,,,,,,,,,,25.800768433471205,0.677630883532313
2026-10-04 07:00:00,,,,,,,,,,,,,,,29.79703342455406,0.6490153617291758
2026-10-04 08:00:00,,,,,,,,,,,,,,,34.07093765438742,0.6614443789283564
2026-10-04 09:00:00,,,,,,,,,,,,,,,24.326637081429453,0.6350972602034255
2026-10-04 10:00:00,,,,,,,,,,,,,,,9.819261744873131,0.6329774231916262
2026-10-04 11:00:00,,,,,,,,,,,,,,,352.48141801669357,0.5646953628197143
2026-10-04 12:00:00,,,,,,,,,,,,,,,346.6710114455645,0.4713570693101581
2026-10-04 13:00:00,,,,,,,,,,,,,,,343.44375514917556,0.3808641324730878
2026-10-04 14:00:00,,,,,,,,,,,,,,,343.75588964869564,0.28054216054866843
2026-10-04 15:00:00,,,,,,,,,,,,,,,344.95809533552335,0.2492915709917739
2026-10-04 16:00:00,,,,,,,,,,,,,,,345.55090152299704,0.25865863020729285
2026-10-04 17:00:00,,,,,,,,,,,,,,,349.24145861943003,0.3284773868290164
2026-10-04 18:00:00,,,,,,,,,,,,,,,355.7625880396851,0.3642029431960959
2026-10-04 19:00:00,,,,,,,,,,,,,,,9.77458979938325,0.29471264680439313
2026-10-04 20:00:00,,,,,,,,,,,,,,,20.409091158754904,0.23069221951346963
2026-10-04 21:00:00,,,,,,,,,,,,,,,31.536564387024328,0.3451461061029327
2026-10-04 22:00:00,,,,,,,,,,,,,,,38.33256834298447,0.3806240037363473
2026-10-04 23:00:00,,,,,,,,,,,,,,,43.79021965155437,0.40853763019532496
2026-10-05 00:00:00,,,,,,,,,,,,,,,50.50509598052946,0.4823260923943846
2026-10-05 01:00:00,,,,,,,,,,,,,,,56.94362699138367,0.5011578867502344
2026-10-05 02:00:00,,,,,,,,,,,,,,,60.92654325842966,0.5119479057823315
2026-10-05 03:00:00,,,,,,,,,,,,,,,65.55043099403463,0.5248604451696834
2026-10-05 04:00:00,,,,,,,,,,,,,,,72.82650318303052,0.5585420680119784
2026-10-05 05:00:00,,,,,,,,,,,,,,,84.12097797826004,0.5482403418836195
2026-10-05 06:00:00,,,,,,,,,,,,,,,90.8156938821628,0.5878216695495868
2026-10-05 07:00:00,,,,,,,,,,,,,,,93.17199804567633,0.6349152655062507
2026-10-05 08:00:00,,,,,,,,,,,,,,,92.05855467825961,0.6853192251485843
2026-10-05 09:00:00,,,,,,,,,,,,,,,90.6557613856337,0.7210807170475121
2026-10-05 10:00:00,,,,,,,,,,,,,,,88.40333919787821,0.7506904588608152
2026-10-05 11:00:00,,,,,,,,,,,,,,,88.40404137424605,0.7870192247694603
2026-10-05 12:00:00,,,,,,,,,,,,,,,84.127491293493,0.7955481327813769
2026-10-05 13:00:00,,,,,,,,,,,,,,,74.50477117368303,0.791038279540442
2026-10-05 14:00:00,,,,,,,,,,,,,,,56.35105086815895,0.7590435829479015
2026-10-05 15:00:00,,,,,,,,,,,,,,,47.971319218660994,0.7364474941218933
2026-10-05 16:00:00,,,,,,,,,,,,,,,39.13803865092456,0.7127805255794875
2026-10-05 17:00:00,,,,,,,,,,,,,,,32.377434883595754,0.6913599724823877
2026-10-05 18:00:00,,,,,,,,,,,,,,,32.763865027308725,0.6985319701821656
2026-10-05 19:00:00,,,,,,,,,,,,,,,38.0838486964804,0.7247353811113624
2026-10-05 20:00:00,,,,,,,,,,,,,,,53.02123311676496,0.7488873362750016
2026-10-05 21:00:00,,,,,,,,,,,,,,,78.39639815642533,0.7429908382457237
2026-10-05 22:00:00,,,,,,,,,,,,,,,93.29599798739673,0.6980537811875527
2026-10-05 23:00:00,,,,,,,,,,,,,,,105.56585350451996,0.6863967512365019
2026-10-06 00:00:00,,,,,,,,,,,,,,,117.82762397978286,0.6776301684327644
2026-10-06 01:00:00,,,,,,,,,,,,,,,122.32224307924417,0.643753303326495
2026-10-06 02:00:00,,,,,,,,,,,,,,,123.07000940379493,0.6324783917856345
2026-10-06 03:00:00,,,,,,,,,,,,,,,123.21467042409483,0.6322541580791963
2026-10-06 04:00:00,,,,,,,,,,,,,,,124.28023756048151,0.6424858564252129
2026-10-06 05:00:00,,,,,,,,,,,,,,,124.93363338735116,0.6552950758657341
2026-10-06 06:00:00,,,,,,,,,,,,,,,126.32877444869962,0.6685083800992937
2026-10-06 07:00:00,,,,,,,,,,,,,,,128.12461953008392,0.6940294655018184
2026-10-06 08:00:00,,,,,,,,,,,,,,,124.32627746116748,0.7444253960754683
2026-10-06 09:00:00,,,,,,,,,,,,,,,124.8006143742142,0.7663165416542214
2026-10-06 10:00:00,,,,,,,,,,,,,,,124.56672076019191,0.7856420610098958
2026-10-06 11:00:00,,,,,,,,,,,,,,,122.65204905061807,0.8098103521784196
2026-10-06 12:00:00,,,,,,,,,,,,,,,117.85231020961822,0.8504194582597935
2026-10-06 13:00:00,,,,,,,,,,,,,,,105.5706939845723,0.8873782129928165
2026-10-06 14:00:00,,,,,,,,,,,,,,,68.72930849328827,0.906095101942199
2026-10-06 15:00:00,,,,,,,,,,,,,,,37.8323867507267,0.8912487639067588
2026-10-06 16:00:00,,,,,,,,,,,,,,,21.48356787547732,0.8506555314087592
2026-10-06 17:00:00,,,,,,,,,,,,,,,16.54791381534335,0.8123260932766453
2026-10-06 18:00:00,,,,,,,,,,,,,,,13.850804238640308,0.7999831290280008
2026-10-06 19:00:00,,,,,,,,,,,,,,,12.565587346017423,0.8007209302326286
2026-10-06 20:00:00,,,,,,,,,,,,,,,13.92555777984876,0.796493221512082
2026-10-06 21:00:00,,,,,,,,,,,,,,,23.547461734914123,0.8130317268926924
2026-10-06 22:00:00,,,,,,,,,,,,,,,38.27698910485003,0.8344896996922488
2026-10-06 23:00:00,,,,,,,,,,,,,,,59.88905277019336,0.8352199507073451
